moca_oid,moca_aid,moca_mtid,designation,dr3_ruwe,plx,eplx,gmag,egmag,rmag,ermag,bmag,ebmag,ncompanions,nparents,dmod,edmod,ra_hms,dec_dms,ra,dec,hip_ra,hip_dec,tm_ra,tm_dec,g1_ra,g1_dec,g2_ra,g2_dec,g3_ra,g3_dec,astrometric_excess_noise,gaia_n_neighbors,nearest_gaia,ebv,eebv,jmag,ejmag,hmag,ehmag,kmag,ekmag,w1mag,w2mag,w3mag,w4mag,ew1mag,ew2mag,ew3mag,ew4mag,aw_ra,aw_dec,ww_ra,ww_dec,fuvmag,efuvmag,nuvmag,enuvmag,galex_ra,galex_dec,fx,efx,hr1,hr2,xray_count,xray_ecount,rosat_name,fe_h,e_fe_h,alpha_fe,galah_logg,galah_elogg,logg,elogg,spt,sptn,esptn,spectral_class,spt_quality,luminosity_class,gravity_class,spt_suffix,simple_spt,complete_spt,pmra,pmdec,epmra,epmdec,rv,erv,sigrv,ervmean,rv_nmes,rv_grav_red,erv_grav_red,rv_conv_blue,erv_conv_blue,rv_red_tot,erv_red,teff,eteff,mass,emass,radius,eradius,vsini,evsini,prot_days,eprot_days,prot_amp,eprot_amp,ewli,eewli,ewli_lowres,eewli_lowres,ewha,eewha,gaia_act,gaia_act_unc,bs_prob,bs_ya,bs_all_ya,bs_dopt,bs_edopt,bs_rvopt,bs_ervopt,bs_xyz_sep,bs_uvw_sep,bs_xyz_sig,bs_uvw_sig,bs_mahalanobis,bs_new_prob,bs_new_ya,bs_new_all_ya,bs_new_dopt,bs_new_edopt,bs_new_rvopt,bs_new_ervopt,bs_new_xyz_sep,bs_new_uvw_sep,bs_new_xyz_sig,bs_new_uvw_sig,bs_new_mahalanobis,plx_ref,pm_ref,spt_ref,plx_mission,plx_dr,inclination,inclination_eneg,inclination_epos,predicted_v,epredicted_v,predicted_v_eneg,predicted_v_epos,bs_observables,logrhk,exoplanet_names,exoplanet_discovery_methods,age,eage,asso_average_dist,age_pid,association_nature,asso_is_real,asso_nchildren,asso_in_banyan,asso_in_banyan_2020,asso_suboptimal_grouping,asso_coeval,x,y,z,ex,ey,ez,u,v,w,eu,ev,ew,simbad_id,tmass_designation,allwise_designation,gaiadr2_source_id,gaiadr3_source_id,all_designations,designation_url,mtid_level
350,OCT,CM,2MASS J00250593-6237070,1.14671,11.936100006103516,0.028459500521421432,15.285,0.03007,14.01144,0.02574,17.07748,0.04542,null,null,null,null,00:25:05.999,-62:37:06.79,6.2749972309218816,-62.61855335362171,null,null,6.274729,-62.618622,null,null,6.274987423244168,-62.618555947268405,6.2749972309218816,-62.61855335362171,0.141978,0,null,0.002,0.015,null,null,null,null,null,null,11.139,10.948,null,null,0.022,0.021,null,null,6.2748852,-62.6185726,null,null,null,null,null,null,null,null,null,null,null,null,null,null,null,null,null,null,null,null,null,null,(M5.7),5.6788,0.46696,M,E,null,null,null,(M5.7),(M5.7),32.415401458740234,18.635700225830078,0.032550398260354996,0.030199000611901283,50.5805,5.45891,5.454662799835205,5.454662799835205,15,0.22,0.06,0,0.2,0.2199999988079071,0.20880613264739226,3078,308,0.2486,0.1621,0.5238,0.13,null,null,0.7586,null,null,null,null,null,null,null,null,null,null,null,null,null,null,null,null,null,null,null,null,null,null,null,null,null,null,null,null,null,null,null,null,null,null,null,350,gaiadr3,null,Gaia,DR3,null,null,null,40.7,11.7,10.1,13.3,null,null,null,null,35,5,127.457,Murp15,moving group,1,3,1,1,0,1,30.2143,-38.5197,-67.9891,0.0712,0.0907,0.1601,4.545,-24.253,-46.728,1.97,2.512,4.433,Gaia EDR3 4901711454686667008,00250593-6237070,J002505.97-623706.8,4901711454686667008,4901711454686667008,Gaia EDR3 4901711454686667008|Gaia DR2 4901711454686667008,2MASS J00250593-6237070,3
535,OCT,CM,2MASS J01203685-6241395,1.10352,14.515899658203125,0.028060300275683403,15.49296,0.02922,14.16776,0.02559,17.46887,0.04532,null,null,null,null,01:20:36.928,-62:41:38.83,20.153865926927406,-62.69411808651815,null,null,20.153546,-62.694328,null,null,20.15385570119361,-62.6941239013236,20.153865926927406,-62.69411808651815,0.13211,0,null,0.002,0.015,null,null,null,null,null,null,11.148,10.922,null,null,0.023,0.02,null,null,20.1537435,-62.6941824,null,null,null,null,null,null,null,null,null,null,null,null,null,null,null,null,null,null,null,null,null,null,(M6.0),6.0047,0.0684033,M,E,null,null,null,(M6.0),(M6.0),33.45989990234375,41.929100036621094,0.03556879982352257,0.03161320090293884,null,null,null,null,null,0.19,0.05,0,0.2,0.1899999976158142,0.20615528435283612,2883,260,0.1623,0.1252,0.452,0.1442,null,null,0.2949,null,null,null,null,null,null,null,null,null,null,null,null,null,null,null,null,null,null,null,null,null,null,null,null,null,null,null,null,null,null,null,null,null,null,null,535,gaiadr3,null,Gaia,DR3,null,null,null,93.6,30.9,25.5,36.2,null,null,null,null,35,5,127.457,Murp15,moving group,1,3,1,1,0,1,18.479,-35.91,-55.811,0.0355,0.0689,0.1071,null,null,null,null,null,null,Gaia EDR3 4715353682706569728,01203685-6241395,J012036.89-624139.0,4715353682706569728,4715353682706569728,Gaia EDR3 4715353682706569728|Gaia DR2 4715353682706569728,2MASS J01203685-6241395,3
1136,OCT,HM,2MASS J03302115-6412207,1.18576,8.180839538574219,0.021785199642181396,15.17068,0.03047,13.93534,0.02599,16.79219,0.04543,null,null,null,null,03:30:21.184,-64:12:20.32,52.5882679267518,-64.20564333505294,null,null,52.588127,-64.205765,52.5882624942623,-64.20564921692943,52.58826491842225,-64.20564640907544,52.5882679267518,-64.20564333505294,0.121407,1,24.153721312324436,0.003,0.015,null,null,null,null,null,null,11.184,11.003,null,null,0.023,0.021,null,null,52.5882498,-64.2056756,null,null,null,null,null,null,52.588025082943,-64.205523019542,null,null,null,null,null,null,null,null,null,null,null,null,null,null,M4,4,0.5,M,B,null,null,null,M4,M4,9.424079895019531,22.077600479125977,0.02899309992790222,0.027072299271821976,4.38578,3.82177,2,3.2491474008422054,32,0.4,0.08,-0.01,0.21,0.3900000061839819,0.22472204377889402,3157,157,0.3075,0.0762,0.5458,0.0808,null,null,null,null,null,null,null,null,null,null,null,null,null,null,null,null,null,null,null,null,null,null,null,null,null,null,null,null,null,null,null,null,null,null,null,null,null,null,1136,gaiadr3,Murp15,Gaia,DR3,null,null,null,null,null,null,null,null,null,null,null,35,5,127.457,Murp15,moving group,1,3,1,1,0,1,14.5752,-85.0391,-86.5937,0.0388,0.2262,0.2303,-13.192,-3.256,-5.482,0.457,2.66,2.709,2MASS J03302115-6412207,03302115-6412207,J033021.17-641220.4,4673692706094574720,4673692706094574720,Gaia EDR3 4673692706094574720|TIC 262874398|2MASS J03302115-6412207|Gaia DR2 4673692706094574720,2MASS J03302115-6412207,4
1357,OCT,CM,2MASS J03401222-5207100,1.2975,12.965399742126465,0.015898799523711205,14.01087,0.0294,12.81291,0.02492,15.54849,0.04331,null,null,null,null,03:40:12.240,-52:07:09.36,55.05099826564632,-52.11926799416087,null,null,55.050947,-52.119446,null,null,55.05099801117599,-52.119273583893424,55.05099826564632,-52.11926799416087,0.106352,1,17.765809006414777,0.001,0.014,null,null,null,null,null,null,10.128,9.966,null,null,0.023,0.02,null,null,55.0510038,-52.1193361,null,null,null,null,null,null,null,null,null,null,null,null,null,null,null,null,null,null,null,null,null,null,(M3.3),3.27948,1.1729,M,E,null,null,null,(M3.3),(M3.3),0.8951550126075745,40.128700256347656,0.01836879923939705,0.02017430029809475,14.7825,3.83747,3.830666780471802,3.830666780471802,19,0.47,0.12,-0.01,0.21,0.4599999990314245,0.2418677254255625,3306,224,0.4233,0.1938,0.6188,0.1279,null,null,1.2805,null,null,null,null,null,null,null,null,null,null,null,null,null,null,null,null,null,null,null,null,null,null,null,null,null,null,null,null,null,null,null,null,null,null,null,1357,gaiadr3,null,Gaia,DR3,null,null,null,27.8,7.2,6.3,8.1,null,null,null,null,35,5,127.457,Murp15,moving group,1,3,1,1,0,1,-5.9393,-49.3365,-58.9868,0.0072,0.0597,0.0713,-14.317,-3.935,-14.703,0.297,2.462,2.944,Gaia EDR3 4733231157659118464,03401222-5207100,J034012.24-520709.6,4733231157659118464,4733231157659118464,Gaia EDR3 4733231157659118464|Gaia DR2 4733231157659118464,2MASS J03401222-5207100,3
2880,OCT,CM,2MASS J04072794-5043539,1.46159,9.95199966430664,0.05076019838452339,15.98386,0.02742,14.66727,0.02387,17.94619,0.0442,null,null,null,null,04:07:27.941,-50:43:53.51,61.866419496004035,-50.731529268637054,null,null,61.866431,-50.731647,null,null,61.866419508815405,-50.731533203887935,61.866419496004035,-50.731529268637054,0.416369,0,null,0.001,0.014,null,null,null,null,null,null,11.674,11.451,null,null,0.023,0.021,null,null,61.866412,-50.7315761,null,null,null,null,null,null,null,null,null,null,null,null,null,null,null,null,null,null,null,null,null,null,(M6.0),5.9999,0.00999967,M,E,null,null,null,(M6.0),(M6.0),0.13172699511051178,28.548200607299805,0.05926720052957535,0.06519349664449692,null,null,null,null,null,0.19,0.05,0,0.2,0.1899999976158142,0.20615528435283612,2918,269,0.1753,0.1286,0.4662,0.1429,null,null,0.6465,null,null,null,null,null,null,null,null,null,null,null,null,null,null,null,null,null,null,null,null,null,null,null,null,null,null,null,null,null,null,null,null,null,null,null,2880,gaiadr3,null,Gaia,DR3,null,null,null,43.4,14.2,12.1,16.3,null,null,null,null,35,5,127.457,Murp15,moving group,1,3,1,1,0,1,-12.9958,-68.2447,-72.6071,0.0665,0.3493,0.3716,null,null,null,null,null,null,Gaia EDR3 4830136546254312576,04072794-5043539,J040727.93-504353.6,4830136546254312576,4830136546254312576,Gaia EDR3 4830136546254312576|Gaia DR2 4830136546254312576,2MASS J04072794-5043539,3
2905,OCT,HM,2MASS J04085395-7203535,null,null,null,14.05821,0.00851,12.50765,0.00434,15.34095,0.0051,null,null,null,null,04:08:53.964,-72:03:52.94,62.22484923692996,-72.0647062591783,null,null,62.224799,-72.064873,62.22485694188661,-72.06472639550549,62.22484572521754,-72.06471101023745,62.22484923692996,-72.0647062591783,12.4025,3,6.451717863177264,null,null,null,null,null,null,null,null,9.771,9.59,null,null,0.023,0.02,null,null,62.22478,-72.0647531,null,null,null,null,null,null,null,null,null,null,null,null,null,null,null,null,null,null,null,null,null,null,M3.5,3.5,0.5,M,B,null,null,null,M3.5,M3.5,-3.9200000762939453,38.709999084472656,1.6299999952316284,1.649999976158142,9.3,2.01221,2,2,1,0.46,0.08,-0.01,0.21,0.4500000085681677,0.22472204377889402,3261,141,0.3615,0.091,0.5967,0.0894,null,null,null,null,null,null,null,null,null,null,null,null,null,null,null,null,null,null,null,null,null,null,null,null,null,null,null,null,null,null,null,null,null,null,null,null,null,null,null,Gira11,Murp15,null,null,null,null,null,null,null,null,null,null,null,null,null,35,5,127.457,Murp15,moving group,1,3,1,1,0,1,null,null,null,null,null,null,null,null,null,null,null,null,2MASS J04085395-7203535,04085395-7203535,J040853.94-720353.1,4653742647428614400,4653742651724109952,Gaia EDR3 4653742651724109952|TIC 33736757|2MASS J04085395-7203535|Gaia DR2 4653742647428614400,2MASS J04085395-7203535,4
2935,OCT,CM,2MASS J04113315-4044231,1.08276,10.700599670410156,0.02780039981007576,15.59949,0.02793,14.31574,0.02404,17.41108,0.04295,null,null,null,null,04:11:33.165,-40:44:22.57,62.88818569604893,-40.73960141066768,null,null,62.888148,-40.739765,null,null,62.8881857132065,-40.73960522070644,62.88818569604893,-40.73960141066768,0.118801,8,2.8092474975359325,0.001,0.014,null,null,null,null,null,null,11.052,10.827,10.619,8.93,0.023,0.02,0.061,null,62.8880099,-40.7398049,62.8879971,-40.7398137,null,null,null,null,null,null,null,null,null,null,null,null,null,null,null,null,null,null,null,null,(M6.9),6.8748,0.372736,M,E,null,null,null,(M6.9),(M6.9),0.10630399733781815,27.409299850463867,0.027387600392103195,0.03380800038576126,null,null,null,null,null,0.14,0.05,0,0.2,0.14000000059604645,0.20615528435283612,3036,301,0.2288,0.1504,0.5124,0.1318,null,null,null,null,null,null,null,null,null,null,null,null,null,null,null,null,null,null,null,null,null,null,null,null,null,null,null,null,null,null,null,null,null,null,null,null,null,null,2935,gaiadr3,null,Gaia,DR3,null,null,null,null,null,null,null,null,null,null,null,35,5,127.457,Murp15,moving group,1,3,1,1,0,1,-27.312,-57.6494,-68.2925,0.0712,0.1503,0.1781,null,null,null,null,null,null,2MASS J04113315-4044231,04113315-4044231,J041133.12-404423.2,4840770472961988608,4840770472961988608,WISEA J041133.12-404423.2|TIC 257605749|2MASS J04113315-4044231|WISE J041133.11-404423.3,2MASS J04113315-4044231,3
2967,OCT,CM,2MASS J04140126-7025236,1.07126,10.351400375366211,0.020253300666809082,15.08156,0.03074,13.84586,0.02598,16.72824,0.04568,null,null,null,null,04:14:01.260,-70:25:23.07,63.505250900570196,-70.42307410759699,null,null,63.505267,-70.423248,null,null,63.50525146350671,-70.42307885010064,63.505250900570196,-70.42307410759699,0.0533094,1,22.45487922836728,0.002,0.015,null,null,null,null,null,null,11.096,10.909,null,null,0.022,0.021,null,null,63.5052293,-70.4231229,null,null,null,null,null,null,null,null,null,null,null,null,null,null,null,null,null,null,null,null,null,null,(M3.8),3.79313,1.18332,M,E,null,null,null,(M3.8),(M3.8),-1.1215399503707886,33.830299377441406,0.03064350038766861,0.031288400292396545,null,null,null,null,null,0.43,0.13,-0.01,0.21,0.4200000073760748,0.24698177261994228,3200,274,0.3294,0.2154,0.5705,0.1252,null,null,0.8553,null,null,null,null,null,null,null,null,null,null,null,null,null,null,null,null,null,null,null,null,null,null,null,null,null,null,null,null,null,null,null,null,null,null,null,2967,gaiadr3,null,Gaia,DR3,null,null,null,39,10.6,9.1,12,null,null,null,null,35,5,127.457,Murp15,moving group,1,3,1,1,0,1,17.9434,-73.7435,-59.7729,0.0351,0.1444,0.117,null,null,null,null,null,null,Gaia EDR3 4654322231790939776,04140126-7025236,J041401.25-702523.2,4654322231790939776,4654322231790939776,Gaia EDR3 4654322231790939776|Gaia DR2 4654322231790939776,2MASS J04140126-7025236,3
3411,OCT,CM,2MASS J04293391-5138518,4.03408,12.765800476074219,0.05298079922795296,14.16359,0.02838,12.90887,0.02415,15.89111,0.04214,null,null,null,null,04:29:33.898,-51:38:51.36,67.39124015512799,-51.6476006519362,null,null,67.391331,-51.647743,null,null,67.39124127356038,-51.647605718354015,67.39124015512799,-51.6476006519362,0.629789,2,8.454693952845215,0.001,0.014,null,null,null,null,null,null,10.069,9.875,null,null,0.023,0.02,null,null,67.3912497,-51.6476528,null,null,null,null,null,null,67.391416084603,-51.6480381475648,null,null,null,null,null,null,null,null,null,null,null,null,null,null,(M4.1),4.05077,1.16083,M,E,null,null,null,(M4.1),(M4.1),-5.302249908447266,36.61410140991211,0.0592229999601841,0.07271040230989456,12.1845,3.50066,3.493194580078125,3.493194580078125,21,0.4,0.14,0,0.21,0.4000000059604645,0.2523885841577595,3141,296,0.2974,0.1954,0.5437,0.1291,null,null,1.5769,null,null,null,null,null,null,null,null,null,null,null,null,null,null,null,null,null,null,null,null,null,null,null,null,null,null,null,null,null,null,null,null,null,null,null,3411,gaiadr3,null,Gaia,DR3,null,null,null,20.7,5.7,4.8,6.5,null,null,null,null,35,5,127.457,Murp15,moving group,1,3,1,1,0,1,-10.4957,-56.6182,-53.1159,0.0435,0.2347,0.2202,-14.008,-3.744,-11.468,0.474,2.539,2.382,Gaia EDR3 4781262017448757120,04293391-5138518,J042933.89-513851.5,4781262017448757120,4781262017448757120,Gaia EDR3 4781262017448757120|Gaia DR2 4781262017448757120,2MASS J04293391-5138518,3
3436,OCT,HM,CD-43 1451,41.9347,7.730869770050049,0.5088419914245605,11.17376,0.03527,9.99334,0.02502,11.01744,0.04312,null,null,null,null,04:30:27.315,-42:48:46.07,67.61381323807572,-42.81279816259093,null,null,67.613808,-42.812969,null,null,67.61381518830716,-42.812817860680525,67.61381323807572,-42.81279816259093,4.85307,2,0.49268529561756375,0.001,0.013,null,null,null,null,null,null,8.672,8.697,null,null,0.023,0.019,null,null,67.6137757,-42.8128964,null,null,null,null,null,null,null,null,8.369160246849059e-13,1.3571422979508786e-13,0.06,0.2,0.09700000286102295,0.013690000399947166,J043026.8-424836,null,null,null,null,null,null,null,G9V(e),-11,0.5,G,B,V,null,(e),G9,G9V(e),1.8922799825668335,21.66860008239746,0.6018350124359131,0.6690009832382202,12.6911,0.381303,0.2333452377915607,0.20110156089248554,14,0.77,0.11,-0.21,0.21,0.5599999874830246,0.2370653857380601,5120,110,1.1194,0.1238,0.9333,0.0828,19.03,1.08,2.0874,null,null,null,280,10,null,null,0,0.01,null,null,null,null,null,null,null,null,null,null,null,null,null,null,null,null,null,null,null,null,null,null,null,null,null,null,3436,gaiadr3,Torr06,Gaia,DR3,49.7,8.9,12.2,null,null,null,null,null,null,null,null,35,5,127.457,Murp15,moving group,1,3,1,1,0,1,-36.2359,-87.2037,-89.1936,2.4092,5.7979,5.9302,-16.125,-3.868,-7.98,0.937,0.498,0.387,CD-43 1451,04302731-4248466,J043027.30-424846.4,4791763208191226624,4791763208191226624,TIC 153835701|2MASS J04302731-4248466|CD-43 1451|PPM 753190|TYC 7585-11-1|1RXS J043026.8-424836|ASAS J043027-4248.8|Gaia DR2 4791763208191226624,CD-43 1451,4
3448,OCT,CM,2MASS J04304660-3605151,7.10243,11.108496765136719,0.06947982311248779,14.30538,0.02974,13.12952,0.0246,15.74249,0.04243,null,null,4.77172,0.0135818,04:30:46.592,-36:05:14.67,67.69413343833305,-36.08740744375164,null,null,67.694175,-36.087528,null,null,67.69413343833305,-36.08740744375164,67.69413270485276,-36.087404238086854,1.19798,0,null,0.001,0.014,null,null,null,null,null,null,10.438,10.326,null,null,0.023,0.021,null,null,67.6941557,-36.0874392,null,null,null,null,null,null,null,null,null,null,null,null,null,null,null,null,null,null,null,null,null,null,(M3.0),2.97827,1.17948,M,E,null,null,null,(M3.0),(M3.0),-4.672840118408203,22.38800048828125,0.11260399967432022,0.13637800514698029,2.31904,2.06339,2.0511112213134766,2.0511112213134766,21,0.5,0.11,-0.01,0.21,0.4900000002235174,0.2370653857380601,3360,210,0.4998,0.1837,0.6442,0.1205,null,null,null,null,null,null,null,null,null,null,null,null,null,null,null,null,null,null,null,null,null,null,null,null,null,null,null,null,null,null,null,null,null,null,null,null,null,null,3448,gaiadr3,null,Gaia,DR2,null,null,null,null,null,null,null,null,null,null,null,35,5,127.457,Murp15,moving group,1,3,1,1,0,1,-34.6466,-55.9047,-61.4679,0.2179,0.3517,0.3866,-8.788,4.241,-2.485,0.786,1.264,1.388,Gaia EDR3 4866114903176979200,04304660-3605151,J043046.59-360514.7,4866114903176979200,4866114903176979200,Gaia EDR3 4866114903176979200|Gaia DR2 4866114903176979200,2MASS J04304660-3605151,3
3531,OCT,CM,2MASS J04330523-3650378,1.98821,9.846750259399414,0.04548560082912445,15.26058,0.02759,13.95467,0.0239,17.16683,0.04266,null,null,null,null,04:33:05.243,-36:50:37.42,68.27184510678363,-36.84372738763048,null,null,68.271831,-36.843857,null,null,68.27184611651215,-36.84373076135403,68.27184510678363,-36.84372738763048,0.475214,0,null,0.001,0.014,null,null,null,null,null,null,10.961,10.745,null,null,0.023,0.021,null,null,68.2718479,-36.843774,null,null,null,null,null,null,null,null,null,null,null,null,null,null,null,null,null,null,null,null,null,null,(M4.7),4.73594,1.15925,M,E,null,null,null,(M4.7),(M4.7),-5.453370094299316,24.318300247192383,0.04424640163779259,0.0545228011906147,null,null,null,null,null,0.32,0.14,0,0.21,0.3199999928474426,0.2523885841577595,2957,287,0.1885,0.1379,0.4854,0.14,null,null,null,null,null,null,null,null,null,null,null,null,null,null,null,null,null,null,null,null,null,null,null,null,null,null,null,null,null,null,null,null,null,null,null,null,null,null,3531,gaiadr3,null,Gaia,DR3,null,null,null,null,null,null,null,null,null,null,null,35,5,127.457,Murp15,moving group,1,3,1,1,0,1,-38.131,-64.2075,-68.8296,0.1781,0.2999,0.3215,null,null,null,null,null,null,Gaia EDR3 4865836245698743040,04330523-3650378,J043305.24-365037.5,4865836245698743040,4865836245698743040,Gaia EDR3 4865836245698743040|Gaia DR2 4865836245698743040,2MASS J04330523-3650378,3
3850,OCT,CM,2MASS J04462885-3452047,1.06166,10.45930004119873,0.02505280077457428,15.24418,0.02825,13.98027,0.0242,16.99278,0.04257,null,null,null,null,04:46:28.854,-34:52:04.28,71.620226813864,-34.86785476189629,null,null,71.620247,-34.867989,null,null,71.62022818498603,-34.86785798385584,71.620226813864,-34.86785476189629,0.0748792,0,null,0.001,0.014,null,null,null,null,null,null,11.146,10.922,null,null,0.024,0.02,null,null,71.620231,-34.8678966,null,null,null,null,null,null,71.6208623685482,-34.8676208545125,null,null,null,null,null,null,null,null,null,null,null,null,null,null,(M4.2),4.17478,1.15215,M,E,null,null,null,(M4.2),(M4.2),-7.9940900802612305,23.341299057006836,0.02265620045363903,0.02861570008099079,null,null,null,null,null,0.38,0.14,0,0.21,0.3799999952316284,0.2523885841577595,3114,296,0.271,0.1806,0.5318,0.127,null,null,0.8431,null,null,null,null,null,null,null,null,null,null,null,null,null,null,null,null,null,null,null,null,null,null,null,null,null,null,null,null,null,null,null,null,null,null,null,3850,gaiadr3,null,Gaia,DR3,null,null,null,37,10.7,9.3,12.1,null,null,null,null,35,5,127.457,Murp15,moving group,1,3,1,1,0,1,-39.9344,-61.724,-61.1325,0.0948,0.1465,0.1451,null,null,null,null,null,null,Gaia EDR3 4867211047550361856,04462885-3452047,J044628.85-345204.4,4867211047550361856,4867211047550361856,Gaia EDR3 4867211047550361856|Gaia DR2 4867211047550361856,2MASS J04462885-3452047,3
4051,OCT,HM,2MASS J04593927-3426546,1.09072,9.173640251159668,0.010813400149345398,13.58556,0.03171,12.51791,0.0253,14.73757,0.04282,null,null,null,null,04:59:39.265,-34:26:54.39,74.91360547147647,-34.448441309151846,null,null,74.913634,-34.448524,74.9136078552121,-34.448446976957136,74.91360670260815,-34.448444186498136,74.91360547147647,-34.448441309151846,0.0,0,null,0.001,0.014,null,null,null,null,null,null,10.146,10.059,null,null,0.023,0.02,null,null,74.9136076,-34.4484836,null,null,null,null,null,null,null,null,null,null,null,null,null,null,null,null,null,null,null,null,null,null,M1.5,1.5,0.5,M,B,null,null,null,M1.5,M1.5,-7.321290016174316,20.641399383544922,0.011122399941086769,0.013642599806189537,11.1486,4.8087,3.568372039435334,3.215558277124469,31,0.58,0.09,-0.02,0.21,0.5599999837577343,0.2284731885582981,3560,122,0.644,0.0769,0.7332,0.0854,null,null,null,null,null,null,null,null,null,null,null,null,null,null,null,null,null,null,null,null,null,null,null,null,null,null,null,null,null,null,null,null,null,null,null,null,null,null,4051,gaiadr3,Murp15,Gaia,DR3,null,null,null,null,null,null,null,null,null,null,null,35,5,127.457,Murp15,moving group,1,3,1,1,0,1,-47.2592,-73.1096,-65.6102,0.0557,0.0862,0.0774,-13.625,-0.497,-8.211,2.104,3.254,2.92,2MASS J04593927-3426546,04593927-3426546,J045939.26-342654.5,4825397719858102656,4825397719858102656,Gaia EDR3 4825397719858102656|ATO J074.9136-34.4484|TIC 1441057|2MASS J04593927-3426546|Gaia DR2 4825397719858102656,2MASS J04593927-3426546,4
4067,OCT,CM,2MASS J05011378-3550447,1.17455,10.327899932861328,0.015250899828970432,14.1344,0.03024,12.98472,0.02478,15.50691,0.0424,null,null,null,null,05:01:13.769,-35:50:44.51,75.30736945035495,-35.845697279538506,null,null,75.307426,-35.845776,null,null,75.30737144150977,-35.84569990553701,75.30736945035495,-35.845697279538506,0.0741016,2,13.183524245258267,0.001,0.014,null,null,null,null,null,null,10.487,10.324,null,null,0.023,0.02,null,null,75.3073627,-35.845731,null,null,null,null,null,null,null,null,null,null,null,null,null,null,null,null,null,null,null,null,null,null,(M2.6),2.62059,1.18073,M,E,null,null,null,(M2.6),(M2.6),-11.6141996383667,18.744300842285156,0.014739199541509151,0.018227199092507362,25.214,2.94335,2.93475604057312,2.93475604057312,28,0.52,0.11,-0.01,0.21,0.5099999811500311,0.2370653857380601,3412,200,0.5394,0.1515,0.6733,0.1119,null,null,null,null,null,null,null,null,null,null,null,null,null,null,null,null,null,null,null,null,null,null,null,null,null,null,null,null,null,null,null,null,null,null,null,null,null,null,4067,gaiadr3,null,Gaia,DR3,null,null,null,null,null,null,null,null,null,null,null,35,5,127.457,Murp15,moving group,1,3,1,1,0,1,-39.9691,-66.2896,-58.1647,0.0592,0.0981,0.0861,-17.267,-10.52,-18.324,1.227,2.034,1.785,Gaia EDR3 4824652147895424384,05011378-3550447,J050113.76-355044.6,4824652147895424384,4824652147895424384,Gaia EDR3 4824652147895424384|Gaia DR2 4824652147895424384,2MASS J05011378-3550447,3
4073,OCT,CM,2MASS J05015043-7058470,6.35122,11.158900260925293,0.13536299765110016,15.35401,0.02858,13.9944,0.02501,17.217,0.04461,null,null,null,null,05:01:50.404,-70:58:46.55,75.4600175934023,-70.97959789695096,null,null,75.460141,-70.979729,null,null,75.46002187785706,-70.97960258448357,75.4600175934023,-70.97959789695096,1.64677,35,2.9682294387169237,0.002,0.015,null,null,null,null,null,null,11.033,10.82,null,null,0.023,0.02,null,null,75.460046,-70.9796587,null,null,null,null,null,null,null,null,null,null,null,null,null,null,null,null,null,null,null,null,null,null,(M6.0),5.9995,0.0223577,M,E,null,null,null,(M6.0),(M6.0),-8.921799659729004,33.98139953613281,0.1976509988307953,0.17321999371051788,null,null,null,null,null,0.19,0.05,0,0.2,0.1899999976158142,0.20615528435283612,2812,248,0.125,0.0963,0.3887,0.1672,null,null,null,null,null,null,null,null,null,null,null,null,null,null,null,null,null,null,null,null,null,null,null,null,null,null,null,null,null,null,null,null,null,null,null,null,null,null,4073,gaiadr3,null,Gaia,DR3,null,null,null,null,null,null,null,null,null,null,null,35,5,127.457,Murp15,moving group,1,3,1,1,0,1,15.8996,-72.2515,-50.6028,0.1932,0.8779,0.6149,null,null,null,null,null,null,Gaia EDR3 4654653661534633088,05015043-7058470,J050150.41-705846.7,4654653661534633088,4654653661534633088,Gaia EDR3 4654653661534633088|Gaia DR2 4654653661534633088,2MASS J05015043-7058470,3
4074,OCT,HM,2MASS J05015289-6101308,1.00329,8.29697036743164,0.01573210023343563,14.18607,0.03184,13.04145,0.02655,15.52251,0.04568,null,null,null,null,05:01:52.878,-61:01:30.34,75.47032293987222,-61.02509393640788,null,null,75.470385,-61.025234,75.4703256094625,-61.02510147672791,75.47032431868126,-61.02509761970996,75.47032293987222,-61.02509393640788,0.0,1,18.304875719740448,0.002,0.015,null,null,null,null,null,null,10.517,10.379,null,null,0.023,0.02,null,null,75.4703333,-61.0251348,null,null,null,null,null,null,75.4700353386385,-61.0250711362198,null,null,null,null,null,null,null,null,null,null,null,null,null,null,M3,3,0.5,M,B,null,null,null,M3,M3,-4.786809921264648,26.39310073852539,0.019192999228835106,0.02106969989836216,7.73495,3.91248,2,3.3551456372063244,11,0.5,0.09,-0.01,0.21,0.4900000002235174,0.2284731885582981,3360,128,0.4985,0.0974,0.6438,0.0876,null,null,null,null,null,null,null,null,null,null,null,null,null,null,null,null,null,null,null,null,null,null,null,null,null,null,null,null,null,null,null,null,null,null,null,null,null,null,4074,gaiadr3,Murp15,Gaia,DR3,null,null,null,null,null,null,null,null,null,null,null,35,5,127.457,Murp15,moving group,1,3,1,1,0,1,0.8464,-96.665,-71.9833,0.0016,0.1824,0.1358,-14.371,-3.272,-8.925,0.041,3.105,2.312,2MASS J05015289-6101308,05015289-6101308,J050152.87-610130.4,4761495650239473664,4761495650239473664,Gaia EDR3 4761495650239473664|TIC 55781202|2MASS J05015289-6101308|Gaia DR2 4761495650239473664,2MASS J05015289-6101308,4
4106,OCT,HM,2MASS J05060048-4545196,1.13788,7.8248701095581055,0.01844559982419014,14.92599,0.02973,13.72425,0.02476,16.43611,0.04284,null,null,null,null,05:06:00.479,-45:45:19.31,76.5019940373491,-45.75536263308401,null,null,76.502019,-45.755466,76.5019966267521,-45.755368412826265,76.50199537287124,-45.75536557465971,76.5019940373491,-45.75536263308401,0.050442,0,null,0.001,0.014,null,null,null,null,null,null,11.079,10.911,null,null,0.023,0.021,null,null,76.5020017,-45.755406,null,null,null,null,null,null,76.5015006708048,-45.7553486930559,null,null,null,null,null,null,null,null,null,null,null,null,null,null,M3,3,0.5,M,B,null,null,null,M3,M3,-6.751780033111572,20.973800659179688,0.019764000549912453,0.021747300401329994,17.4642,5.48295,3.960916110024128,3.784619156441272,24,0.5,0.09,-0.01,0.21,0.4900000002235174,0.2284731885582981,3361,128,0.4975,0.0975,0.6449,0.0882,null,null,null,null,null,null,null,null,null,null,null,null,null,null,null,null,null,null,null,null,null,null,null,null,null,null,null,null,null,null,null,null,null,null,null,null,null,null,4106,gaiadr3,Murp15,Gaia,DR3,null,null,null,null,null,null,null,null,null,null,null,35,5,127.457,Murp15,moving group,1,3,1,1,0,1,-32.577,-96.6692,-76.9763,0.0775,0.2299,0.183,-16.01,-7.168,-13.406,1.399,4.15,3.304,2MASS J05060048-4545196,05060048-4545196,J050600.48-454519.4,4810499062423892480,4810499062423892480,Gaia EDR3 4810499062423892480|TIC 200323307|2MASS J05060048-4545196|Gaia DR2 4810499062423892480,2MASS J05060048-4545196,4
4213,OCT,CM,2MASS J05164441-3226033,1.18439,10.38700008392334,0.023443900048732758,15.03108,0.0282,13.7637,0.02418,16.7874,0.04269,null,null,null,null,05:16:44.387,-32:26:03.00,79.18494477954431,-32.43416688295476,null,null,79.185042,-32.434258,null,null,79.18494720019083,-32.4341698996891,79.18494477954431,-32.43416688295476,0.108678,3,11.331373471846256,0.001,0.014,null,null,null,null,null,null,10.791,10.541,null,null,0.022,0.02,null,null,79.1848752,-32.4340592,null,null,null,null,null,null,null,null,null,null,null,null,null,null,null,null,null,null,null,null,null,null,(M4.2),4.2215,1.16584,M,E,null,null,null,(M4.2),(M4.2),-14.511699676513672,21.476699829101562,0.023730099201202393,0.026008499786257744,null,null,null,null,null,0.38,0.14,0,0.21,0.3799999952316284,0.2523885841577595,3106,308,0.2655,0.1768,0.53,0.1289,null,null,3.4431,null,null,null,null,null,null,null,null,null,null,null,null,null,null,null,null,null,null,null,null,null,null,null,null,null,null,null,null,null,null,null,null,null,null,null,4213,gaiadr3,null,Gaia,DR3,null,null,null,9.1,2.7,2.3,3.1,null,null,null,null,35,5,127.457,Murp15,moving group,1,3,1,1,0,1,-45.5657,-66.5402,-52.5832,0.1028,0.1501,0.1186,null,null,null,null,null,null,UCAC4 288-006714,05164441-3226033,J051644.37-322602.6,4826580622571056896,4826580622571056896,Gaia EDR3 4826580622571056896|UCAC4 288-006714|2MASS J05164441-3226033|Gaia DR2 4826580622571056896|TIC 77954300,2MASS J05164441-3226033,3
4543,OCT,HM,2MASS J05541279-4044059,1.0351,6.183110237121582,0.0229496993124485,15.32702,0.02913,14.13359,0.02497,16.79742,0.04344,null,null,null,null,05:54:12.782,-40:44:05.78,88.55325879334204,-40.73493796758802,null,null,88.553301,-40.734993,88.5532628064644,-40.734941933502185,88.5532608449665,-40.73494000588154,88.55325879334204,-40.73493796758802,0.0,2,12.42172121833274,0.002,0.014,null,null,null,null,null,null,11.513,11.342,null,null,0.023,0.021,null,null,88.5532704,-40.73496,null,null,null,null,null,null,null,null,2.781257503218949e-13,8.776725389519567e-14,0.47000000000000003,0.33,0.025750000029802322,0.007375000044703484,J055412.9-404353,null,null,null,null,null,null,null,M3.5,3.5,0.5,M,B,null,null,null,M3.5,M3.5,-11.230899810791016,14.6003999710083,0.02441140078008175,0.027036000043153763,6.27875,6.63783,4.906692866543922,4.464992122280622,20,0.46,0.08,-0.01,0.21,0.4500000085681677,0.22472204377889402,3259,142,0.361,0.0908,0.5973,0.09,null,null,null,null,null,null,null,null,null,null,null,null,null,null,null,null,null,null,null,null,null,null,null,null,null,null,null,null,null,null,null,null,null,null,null,null,null,null,4543,gaiadr3,Murp15,Gaia,DR3,null,null,null,null,null,null,null,null,null,null,null,35,5,127.457,Murp15,moving group,1,3,1,1,0,1,-56.1129,-131.8076,-75.0776,0.2082,0.4891,0.2786,-13.049,2.208,-8.201,2.327,5.464,3.113,2MASS J05541279-4044059,05541279-4044059,J055412.78-404405.8,4804187522083107712,4804187522083107712,Gaia EDR3 4804187522083107712|TIC 21750043|2MASS J05541279-4044059|Gaia DR2 4804187522083107712,2MASS J05541279-4044059,4
4559,OCT,HM,2MASS J05584222-5639409,null,null,null,14.82456,0.0139,13.39875,0.00397,15.87416,0.00419,null,null,null,null,05:58:42.209,-56:39:40.64,89.67586909711805,-56.661288701650896,null,null,89.675931,-56.661373,89.67585061394182,-56.66128862243378,89.67586909711805,-56.661288701650896,89.67587196620413,-56.66128616876655,33.4823,1,13.440157657617846,null,null,null,null,null,null,null,null,10.893,10.756,null,null,0.023,0.021,null,null,89.675881,-56.6613151,null,null,null,null,null,null,null,null,null,null,null,null,null,null,null,null,null,null,null,null,null,null,M2.5,2.5,0.5,M,B,null,null,null,M2.5,M2.5,-14.069999694824219,17.31999969482422,1.9900000095367432,2.0299999713897705,12.76,2.01259,2,2,1,0.53,0.09,-0.01,0.21,0.5199999716132879,0.2284731885582981,3425,119,0.5517,0.0806,0.6832,0.0868,null,null,null,null,null,null,null,null,null,null,null,null,null,null,null,null,null,null,null,null,null,null,null,null,null,null,null,null,null,null,null,null,null,null,null,null,null,null,null,Gira11,Murp15,null,null,null,null,null,null,null,null,null,null,null,null,null,35,5,127.457,Murp15,moving group,1,3,1,1,0,1,null,null,null,null,null,null,null,null,null,null,null,null,2MASS J05584222-5639409,05584222-5639409,J055842.21-563940.7,4767109035056579456,4767109035056579456,Gaia EDR3 4767109035056579456|TIC 350824473|2MASS J05584222-5639409|Gaia DR2 4767109035056579456,2MASS J05584222-5639409,4
4586,OCT,HM,CD-49 2037,3.44995,6.017029762268066,0.0701955035328865,11.66848,0.03781,10.4457,0.02895,11.52255,0.04754,null,null,null,null,06:03:35.432,-49:11:25.35,90.897632792612,-49.19037604457276,null,null,90.897534,-49.19046,null,null,90.89763299305595,-49.19037686388943,90.897632792612,-49.19037604457276,0.614352,3,0.7652046869573912,0.002,0.014,null,null,null,null,null,null,9.005,9.016,null,null,0.023,0.02,null,null,90.8974994,-49.1904199,null,null,null,null,null,null,90.8976928799326,-49.190553263715,1.0162660877853632e-12,1.8731922765990958e-13,0.47000000000000003,0.31,0.09408999979496002,0.01590000092983246,J060334.8-491119,null,null,null,null,null,null,null,K0Ve,-10,0.5,K,B,V,null,e,K0,K0Ve,-9.332220077514648,15.196999549865723,0.07876279950141907,0.09887909889221191,11.2909,1.82558,1.605240542447267,0.8399041020416119,10,0.77,0.11,-0.18,0.21,0.5899999737739563,0.2370653857380601,5031,112,1.0904,0.1199,0.9147,0.0826,7.99,1.14,null,null,null,null,290,10,null,null,-0.1,0.01,null,null,null,null,null,null,null,null,null,null,null,null,null,null,null,null,null,null,null,null,null,null,null,null,null,null,4586,gaiadr3,Torr06,Gaia,DR3,null,null,null,null,null,null,null,null,null,null,null,35,5,127.457,Murp15,moving group,1,3,1,1,0,1,-33.9064,-143.1304,-77.4027,0.3935,1.6611,0.8983,-14.486,-4.291,-9.711,0.403,1.561,0.846,CD-49 2037,06033540-4911256,J060335.39-491125.5,5554101009671475584,5554101009671475584,Gaia EDR3 5554101009671475584|RAVE J060335.4-491126|TIC 219167848|CD-49 2037|TYC 8109-606-1|[FS2003] 0328|2MASS J06033540-4911256|1RXS J060334.8-491119|Gaia DR2 5554101009671475584,CD-49 2037,4
4619,OCT,HM,2MASS J06124600-3836083,1.28058,8.568819999694824,0.021265199407935143,14.82899,0.02846,13.56437,0.02424,16.58124,0.04285,null,null,null,null,06:12:45.981,-38:36:08.08,93.19158943495786,-38.60224524397966,null,null,93.191682,-38.602329,93.19159610147486,-38.602249977886814,93.19159291059671,-38.60224772119939,93.19158943495786,-38.60224524397966,0.14869,1,11.584214990427157,0.001,0.014,null,null,null,null,null,null,10.718,10.504,null,null,0.023,0.021,null,null,93.1916244,-38.6022689,null,null,null,null,null,null,93.1914086073421,-38.6022314755582,null,null,null,null,null,null,null,null,null,null,null,null,null,null,M4,4,0.5,M,B,null,null,null,M4,M4,-19.493200302124023,17.737899780273438,0.02435619942843914,0.027692299336194992,14.9144,2.1932,2,0.8724378989018814,18,0.4,0.08,-0.01,0.21,0.3900000061839819,0.22472204377889402,3162,154,0.3061,0.0772,0.5472,0.0813,null,null,null,null,null,null,null,null,null,null,null,null,null,null,null,null,null,null,null,null,null,null,null,null,null,null,null,null,null,null,null,null,null,null,null,null,null,null,4619,gaiadr3,Murp15,Gaia,DR3,null,null,null,null,null,null,null,null,null,null,null,35,5,127.457,Murp15,moving group,1,3,1,1,0,1,-44.0288,-97.4058,-46.8328,0.1091,0.2413,0.116,-15.845,-4.69,-12.938,0.82,1.813,0.871,2MASS J06124600-3836083,06124600-3836083,J061245.98-383608.1,5574709499708956544,5574709499708956544,Gaia EDR3 5574709499708956544|TIC 393126088|2MASS J06124600-3836083|Gaia DR2 5574709499708956544,2MASS J06124600-3836083,4
4650,OCT,HM,2MASS J06205027-7905195,1.94827,7.456820011138916,0.018399899825453758,13.28575,0.03847,12.19973,0.03073,14.47331,0.05216,null,null,null,null,06:20:50.202,-79:05:19.28,95.20917363642516,-79.08868924150032,null,null,95.209459,-79.08876,95.20919216967908,-79.0886946510946,95.20918307217723,-79.08869196130654,95.20917363642516,-79.08868924150032,0.177017,3,11.001872958420961,0.006,0.017,null,null,null,null,null,null,9.718,9.631,null,null,0.023,0.02,null,null,95.209306,-79.0887268,null,null,null,null,null,null,null,null,null,null,null,null,null,null,null,null,null,null,null,null,null,null,M1.5,1.5,0.5,M,B,null,null,null,M1.5,M1.5,-12.94629955291748,19.684799194335938,0.02078779973089695,0.025187000632286072,3.69716,3.07618,2,2.3264468409981065,22,0.58,0.09,-0.02,0.21,0.5599999837577343,0.2284731885582981,3561,121,0.6431,0.0768,0.7339,0.0848,null,null,null,null,null,null,null,null,null,null,null,null,null,null,null,null,null,null,null,null,null,null,null,null,null,null,null,null,null,null,null,null,null,null,null,null,null,null,4650,gaiadr3,Murp15,Gaia,DR3,null,null,null,null,null,null,null,null,null,null,null,35,5,127.457,Murp15,moving group,1,3,1,1,0,1,41.7599,-110.752,-63.0546,0.1024,0.2716,0.1546,-11.709,-3.625,-9.415,0.966,2.561,1.458,2MASS J06205027-7905195,06205027-7905195,J062050.23-790519.4,5211835645672736256,5211835645672736256,Gaia EDR3 5211835645672736256|TIC 261417900|2MASS J06205027-7905195|Gaia DR2 5211835645672736256,2MASS J06205027-7905195,4
10815,OCT,CM,2MASS J19353962-7047361,8.883,7.954820156097412,0.16974100470542908,13.21379,0.03662,12.15965,0.02903,14.18502,0.04922,null,null,null,null,19:35:39.685,-70:47:36.42,293.91535276898117,-70.79345014554595,null,null,293.91511,-70.793365,293.9153357579115,-70.79344623532302,293.9153446310519,-70.79344820374665,293.91535276898117,-70.79345014554595,1.78156,1,20.24564245837318,0.006,0.016,null,null,null,null,null,null,9.843,9.772,null,null,0.023,0.021,null,null,293.9152546,-70.7934187,null,null,null,null,null,null,293.915114427723,-70.7934736623175,null,null,null,null,null,null,null,null,null,null,null,null,null,null,M1,1,0.5,M,B,null,null,null,M1,M1,20.120399475097656,-13.373700141906738,0.1326799988746643,0.16968099772930145,-8.03591,2.38279,2,1.2756186806011154,29,0.6,0.09,-0.02,0.21,0.5800000242888927,0.2284731885582981,3628,122,0.6684,0.0827,0.7465,0.085,null,null,null,null,null,null,null,null,null,null,null,null,null,null,null,null,null,null,null,null,null,null,null,null,null,null,null,null,null,null,null,null,null,null,null,null,null,null,10815,gaiadr3,Murp15,Gaia,DR3,null,null,null,null,null,null,null,null,null,null,null,35,5,127.457,Murp15,moving group,1,3,1,1,0,1,89.5782,-63.6046,-61.2169,1.923,1.3654,1.3142,-15.13,0.77,-6.503,1.718,1.219,1.192,null,19353962-7047361,J193539.66-704736.3,6417400293846948352,6417400293848036352,null,2MASS J19353962-7047361,3
10855,OCT,HM,2MASS J19545407-6450343,0.989557,8.175700187683105,0.014607800170779228,13.55004,0.03661,12.50945,0.02902,14.6436,0.04928,null,null,null,null,19:54:54.120,-64:50:34.49,298.7255016975694,-64.8429128367256,null,null,298.725293,-64.84288,298.72548851081706,-64.84290949285298,298.7254950294987,-64.84291119973878,298.7255016975694,-64.8429128367256,0.0,2,19.604282848703075,0.007,0.016,null,null,null,null,null,null,10.172,10.118,null,null,0.023,0.02,null,null,298.7254458,-64.842908,null,null,null,null,null,null,null,null,null,null,null,null,null,null,null,null,null,null,null,null,null,null,M1,1,0.5,M,B,null,null,null,M1,M1,20.271799087524414,-11.860899925231934,0.010072399862110615,0.011339199729263783,-4.83744,1.66608,1.5510022640228271,0.5654334226004246,46,0.6,0.09,-0.02,0.21,0.5800000242888927,0.2284731885582981,3629,122,0.6683,0.0828,0.7479,0.0843,null,null,5.5756001472473145,0.6478440165519714,null,null,null,null,null,null,null,null,null,null,null,null,null,null,null,null,null,null,null,null,null,null,null,null,null,null,null,null,null,null,null,null,null,null,10855,gaiadr3,Murp15,Gaia,DR3,null,null,null,null,null,null,null,null,null,null,null,35,5,127.457,Murp15,moving group,1,3,1,1,0,1,92.0203,-50.0688,-63.1336,0.1609,0.0875,0.1104,-12.324,-1.538,-7.398,1.242,0.676,0.852,2MASS J19545407-6450343,19545407-6450343,J195454.10-645034.4,6428659052396592768,6428659052396592768,Gaia EDR3 6428659052396592768|TIC 352291795|2MASS J19545407-6450343|Gaia DR2 6428659052396592768,2MASS J19545407-6450343,4
61509,OCT,CM,Gaia DR2 2885177442533494016,1.0339,5.253200054168701,0.029972299933433533,15.96477,0.03119,14.75381,0.02613,17.52444,0.04567,null,null,null,null,06:17:13.374,-36:23:03.41,94.30572666551376,-36.38428089366696,null,null,94.305811,-36.384323,null,null,94.30572840331496,-36.38428250517883,94.30572666551376,-36.38428089366696,0.0175567,2,10.550870885043954,0.003,0.015,null,null,null,null,null,null,12.096,11.91,null,null,0.024,0.021,null,null,94.3057542,-36.3842917,null,null,null,null,null,null,null,null,null,null,null,null,null,null,null,null,null,null,null,null,null,null,(M3.5),3.45663,1.18563,M,E,null,null,null,(M3.5),(M3.5),-10.155400276184082,11.459500312805176,0.031776100397109985,0.03574109822511673,null,null,null,null,null,0.46,0.12,-0.01,0.21,0.4500000085681677,0.2418677254255625,3269,245,0.3774,0.2038,0.6008,0.1299,null,null,null,null,null,null,null,null,null,null,null,null,null,null,null,null,null,null,null,null,null,null,null,null,null,null,null,null,null,null,null,null,null,null,null,null,null,null,61509,gaiadr3,null,Gaia,DR3,null,null,null,null,null,null,null,null,null,null,null,35,5,127.457,Murp15,moving group,1,3,1,1,0,1,-78.2123,-158.0177,-71.7787,0.4422,0.8934,0.4058,null,null,null,null,null,null,null,06171339-3623035,J061713.38-362303.4,2885177442533494016,2885177442533494016,null,Gaia DR2 2885177442533494016,3
61519,OCT,CM,Gaia DR2 2885590996344347520,5.17223,5.706200122833252,0.07721500098705292,14.35803,0.03191,13.30613,0.02531,15.48324,0.04286,null,null,null,null,06:18:42.492,-34:53:29.34,94.67704887872262,-34.89148220038681,null,null,94.677138,-34.891506,null,null,94.67705086443871,-34.89148391944123,94.67704887872262,-34.89148220038681,0.883519,12,9.945920619156254,0.003,0.014,null,null,null,null,null,null,10.929,10.851,null,null,0.024,0.02,null,null,94.6770681,-34.8915025,null,null,null,null,null,null,null,null,null,null,null,null,null,null,null,null,null,null,null,null,null,null,(M1.2),1.18603,1.26475,M,E,null,null,null,(M1.2),(M1.2),-11.337800025939941,11.587400436401367,0.07738590240478516,0.08581919968128204,15.071,4.62254,4.617071151733398,4.617071151733398,19,0.59,0.1,-0.02,0.21,0.5699999742209911,0.23259406171329627,3604,206,0.6598,0.1284,0.7366,0.0899,null,null,null,null,null,null,null,null,null,null,null,null,null,null,null,null,null,null,null,null,null,null,null,null,null,null,null,null,null,null,null,null,null,null,null,null,null,null,61519,gaiadr3,null,Gaia,DR3,null,null,null,null,null,null,null,null,null,null,null,35,5,127.457,Murp15,moving group,1,3,1,1,0,1,-76.0085,-144.4412,-63.9356,1.0311,1.9595,0.8673,-16.342,-4.923,-10.916,2.014,3.815,1.691,null,06184251-3453294,J061842.49-345329.4,2885590996344347520,2885590996344347520,null,Gaia DR2 2885590996344347520,3
61523,OCT,CM,Gaia DR2 2885665934933603968,1.06724,7.086999893188477,0.024082699790596962,15.3913,0.0292,14.1847,0.02449,16.93702,0.04256,null,null,null,null,06:16:11.363,-34:37:30.77,94.04734617676519,-34.62521277591969,null,null,94.047422,-34.625286,null,null,94.04734880457227,-34.625214743208,94.04734617676519,-34.62521277591969,0.0543218,2,6.321878451445439,0.002,0.014,null,null,null,null,null,null,11.539,11.351,null,null,0.023,0.021,null,null,94.0473596,-34.6252249,null,null,null,null,null,null,null,null,null,null,null,null,null,null,null,null,null,null,null,null,null,null,(M3.4),3.39723,1.17784,M,E,null,null,null,(M3.4),(M3.4),-15.665200233459473,13.990799903869629,0.026026800274848938,0.0295719001442194,11.7793,5.61744,5.612795352935791,5.612795352935791,24,0.47,0.12,-0.01,0.21,0.4599999990314245,0.2418677254255625,3282,236,0.3839,0.1994,0.6074,0.1284,null,null,null,null,null,null,null,null,null,null,null,null,null,null,null,null,null,null,null,null,null,null,null,null,null,null,null,null,null,null,null,null,null,null,null,null,null,null,61523,gaiadr3,null,Gaia,DR3,null,null,null,null,null,null,null,null,null,null,null,35,5,127.457,Murp15,moving group,1,3,1,1,0,1,-61.9223,-115.4614,-52.3902,0.2114,0.3942,0.1789,-14.801,-1.714,-10.864,2.443,4.554,2.067,null,06161138-3437310,J061611.36-343730.8,2885665934933603968,2885665934933603968,null,Gaia DR2 2885665934933603968,3
61726,OCT,CM,Gaia DR2 2895538278042387712,1.07715,5.268070220947266,0.01830510050058365,14.66955,0.03393,13.59662,0.02766,15.75517,0.04601,null,null,null,null,06:30:50.991,-29:07:24.57,97.71246410984007,-29.12349141658829,null,null,97.712531,-29.123619,null,null,97.71246601939008,-29.123492750268753,97.71246410984007,-29.12349141658829,0.0115552,14,1.8985106196774184,0.004,0.015,null,null,null,null,null,null,null,null,null,null,null,null,null,null,null,null,null,null,null,null,null,null,null,null,null,null,null,null,null,null,null,null,null,null,null,null,null,null,(M1.5),1.52036,1.26472,M,E,null,null,null,(M1.5),(M1.5),-12.001099586486816,9.554679870605469,0.016171399503946304,0.021014399826526642,12.0575,4.30345,4.297583103179932,4.297583103179932,22,0.58,0.1,-0.02,0.21,0.5599999837577343,0.23259406171329627,3556,198,0.6427,0.1307,0.7251,0.0941,null,null,null,null,null,null,null,null,null,null,null,null,null,null,null,null,null,null,null,null,null,null,null,null,null,null,null,null,null,null,null,null,null,null,null,null,null,null,61726,gaiadr3,null,Gaia,DR3,null,null,null,null,null,null,null,null,null,null,null,35,5,127.457,Murp15,moving group,1,3,1,1,0,1,-97.6074,-153.1048,-55.367,0.3388,0.5315,0.1922,-15.324,-1.648,-10.025,2.191,3.436,1.243,null,06305100-2907250,null,2895538278042387712,2895538278042387712,null,Gaia DR2 2895538278042387712,3
61823,OCT,CM,Gaia DR2 2899018541581567616,1.00009,5.1185197830200195,0.028940999880433083,15.71982,0.03175,14.54022,0.02631,17.17563,0.04559,null,null,null,null,06:25:39.080,-27:10:53.62,96.41283154916762,-27.181561201382316,null,null,96.412889,-27.181604,null,null,96.41283331013442,-27.181562516101486,96.41283154916762,-27.181561201382316,0.0,2,18.621003409471463,0.005,0.015,null,null,null,null,null,null,11.972,11.805,null,null,0.023,0.021,null,null,96.4128425,-27.1815789,null,null,null,null,null,null,null,null,null,null,null,null,null,null,null,null,null,null,null,null,null,null,(M3.0),3.02923,1.19935,M,E,null,null,null,(M3.0),(M3.0),-11.256999969482422,9.433549880981445,0.024107100442051888,0.03155739977955818,null,null,null,null,null,0.49,0.12,-0.01,0.21,0.4800000097602606,0.2418677254255625,3348,220,0.4837,0.194,0.6405,0.1231,null,null,null,null,null,null,null,null,null,null,null,null,null,null,null,null,null,null,null,null,null,null,null,null,null,null,null,null,null,null,null,null,null,null,null,null,null,null,61823,gaiadr3,null,Gaia,DR3,null,null,null,null,null,null,null,null,null,null,null,35,5,127.457,Murp15,moving group,1,3,1,1,0,1,-106.6122,-153.0974,-58.0675,0.6,0.8615,0.3268,null,null,null,null,null,null,null,06253909-2710537,J062539.08-271053.6,2899018541581567616,2899018541581567616,null,Gaia DR2 2899018541581567616,3
64783,OCT,CM,Gaia DR2 2967199120181430272,1.06635,7.0560197830200195,0.015358099713921547,14.13136,0.03182,13.07034,0.02532,15.26593,0.04294,null,null,null,null,05:43:27.881,-18:57:00.52,85.86617103986872,-18.950145059355886,null,null,85.866227,-18.950207,null,null,85.86617271566163,-18.950146476760608,85.86617103986872,-18.950145059355886,0.0,1,13.90487375003754,0.002,0.014,null,null,null,null,null,null,10.688,10.626,null,null,0.023,0.021,null,null,85.8661868,-18.9501648,null,null,null,null,null,null,null,null,null,null,null,null,null,null,null,null,null,null,null,null,null,null,(M1.3),1.33391,1.2571,M,E,null,null,null,(M1.3),(M1.3),-11.511099815368652,10.099699974060059,0.01238889992237091,0.01467840000987053,15.61,3.12222,3.1141202449798584,3.1141202449798584,36,0.59,0.1,-0.02,0.21,0.5699999742209911,0.23259406171329627,3584,202,0.6519,0.131,0.7318,0.0922,null,null,null,null,null,null,null,null,null,null,null,null,null,null,null,null,null,null,null,null,null,null,null,null,null,null,null,null,null,null,null,null,null,null,null,null,null,null,64783,gaiadr3,null,Gaia,DR3,null,null,null,null,null,null,null,null,null,null,null,35,5,127.457,Murp15,moving group,1,3,1,1,0,1,-95.036,-89.0766,-55.8523,0.207,0.194,0.1216,-15.493,-1.901,-10.415,2.079,1.948,1.222,null,05432789-1857007,J054327.88-185700.5,2967199120181430272,2967199120181430272,null,Gaia DR2 2967199120181430272,3
144602,OCT,CM,Gaia DR2 5572143342648448896,1.12706,7.190619945526123,0.013635899871587753,14.23373,0.03147,13.13806,0.02538,15.44605,0.04295,null,null,null,null,06:05:29.396,-42:23:50.38,91.37248186569693,-42.39732897133037,null,null,91.372554,-42.397388,null,null,91.3724843450317,-42.3973313116752,91.37248186569693,-42.39732897133037,0.0571992,1,21.701177791758624,0.001,0.014,null,null,null,null,null,null,10.717,10.607,null,null,0.023,0.02,null,null,91.3724989,-42.3973513,null,null,null,null,null,null,null,null,null,null,null,null,null,null,null,null,null,null,null,null,null,null,(M1.9),1.86044,1.21338,M,E,null,null,null,(M1.9),(M1.9),-13.145999908447266,16.761699676513672,0.017304200679063797,0.01754480041563511,13.9931,3.62792,3.6209554672241206,3.6209554672241206,19,0.56,0.1,-0.02,0.21,0.5400000028312206,0.23259406171329627,3510,194,0.6154,0.1217,0.7149,0.0973,null,null,null,null,null,null,null,null,null,null,null,null,null,null,null,null,null,null,null,null,null,null,null,null,null,null,null,null,null,null,null,null,null,null,null,null,null,null,144602,gaiadr3,null,Gaia,DR3,null,null,null,null,null,null,null,null,null,null,null,35,5,127.457,Murp15,moving group,1,3,1,1,0,1,-44.172,-116.9294,-60.9591,0.0841,0.2227,0.1161,-15.582,-4.955,-11.335,1.153,3.051,1.591,null,06052941-4223505,J060529.39-422350.4,5572143342648448896,5572143342648448896,null,Gaia DR2 5572143342648448896,3
185238,OCT,CM,Gaia DR2 2883569647295108224,1.0772,5.977340221405029,0.012555199675261974,13.96382,0.03283,12.98246,0.0259,14.94265,0.04341,null,null,null,null,05:54:04.548,-38:46:59.73,88.5189516538468,-38.78325781078395,null,null,88.518984,-38.783321,null,null,88.51895325277785,-38.78325978099174,88.5189516538468,-38.78325781078395,0.0,0,null,0.002,0.014,null,null,null,null,null,null,10.766,10.738,null,null,0.023,0.02,null,null,88.5189588,-38.783272,null,null,null,null,null,null,88.5178296395541,-38.7835793960092,null,null,null,null,null,null,null,null,null,null,null,null,null,null,(K9.8),-0.201956,1.46689,K,E,null,null,null,(K9.8),(K9.8),-8.918009757995605,14.183600425720215,0.014961900189518929,0.0145322997123003,14.4898,2.60549,2.5957765579223633,2.5957765579223633,25,0.63,0.1,-0.03,0.21,0.5999999959021807,0.23259406171329627,3792,191,0.7461,0.0875,0.7624,0.0866,null,null,null,null,null,null,null,null,null,null,null,null,null,null,null,null,null,null,null,null,null,null,null,null,null,null,null,null,null,null,null,null,null,null,null,null,null,null,185238,gaiadr3,null,Gaia,DR3,null,null,null,null,null,null,null,null,null,null,null,35,5,127.457,Murp15,moving group,1,3,1,1,0,1,-63.3536,-134.6073,-76.5328,0.1344,0.2855,0.1623,-16.146,-4.612,-10.307,0.98,2.083,1.184,null,05540455-3846599,J055404.55-384659.7,2883569647295108224,2883569647295108224,null,Gaia DR2 2883569647295108224,3
185659,OCT,CM,Gaia DR2 2912489036490374912,1.05236,5.329339981079102,0.03194500133395195,15.93425,0.03115,14.72175,0.02615,17.49466,0.0457,null,null,null,null,06:14:51.625,-24:27:25.03,93.71510373351639,-24.45695384959278,null,null,93.715146,-24.456997,null,null,93.71510550677887,-24.456955083727067,93.71510373351639,-24.45695384959278,0.076443,4,11.739813259600167,0.004,0.015,null,null,null,null,null,null,12.037,11.848,null,null,0.023,0.022,null,null,93.7151156,-24.456962,null,null,null,null,null,null,null,null,null,null,null,null,null,null,null,null,null,null,null,null,null,null,(M3.5),3.47761,1.18308,M,E,null,null,null,(M3.5),(M3.5),-11.63949966430664,8.771920204162598,0.025863299146294594,0.034602198749780655,null,null,null,null,null,0.46,0.13,-0.01,0.21,0.4500000085681677,0.24698177261994228,3264,244,0.3685,0.2068,0.5966,0.1281,null,null,null,null,null,null,null,null,null,null,null,null,null,null,null,null,null,null,null,null,null,null,null,null,null,null,null,null,null,null,null,null,null,null,null,null,null,null,185659,gaiadr3,null,Gaia,DR3,null,null,null,null,null,null,null,null,null,null,null,35,5,127.457,Murp15,moving group,1,3,1,1,0,1,-110.6717,-139.3079,-59.5777,0.6707,0.8443,0.3611,null,null,null,null,null,null,null,06145163-2427251,J061451.62-242725.0,2912489036490374912,2912489036490374912,null,Gaia DR2 2912489036490374912,3
208188,OCT,CM,Gaia DR2 4801018385973948800,1.06294,6.028110027313232,0.02696949988603592,15.80329,0.02885,14.57586,0.02435,17.39156,0.04318,null,null,null,null,05:59:00.643,-46:46:36.89,89.7526786196324,-46.77691328673261,null,null,89.752706,-46.776955,null,null,89.7526805860587,-46.776915506570695,89.7526786196324,-46.77691328673261,0.0351259,1,12.721610795652666,0.002,0.014,null,null,null,null,null,null,11.845,11.656,null,null,0.023,0.021,null,null,89.7526838,-46.7769315,null,null,null,null,null,null,null,null,null,null,null,null,null,null,null,null,null,null,null,null,null,null,(M3.7),3.68078,1.16384,M,E,null,null,null,(M3.7),(M3.7),-9.527119636535645,15.705900192260742,0.03506319969892502,0.03507079929113388,null,null,null,null,null,0.44,0.13,-0.01,0.21,0.4299999978393316,0.24698177261994228,3229,260,0.3428,0.2101,0.5785,0.1262,null,null,null,null,null,null,null,null,null,null,null,null,null,null,null,null,null,null,null,null,null,null,null,null,null,null,null,null,null,null,null,null,null,null,null,null,null,null,208188,gaiadr3,null,Gaia,DR3,null,null,null,null,null,null,null,null,null,null,null,35,5,127.457,Murp15,moving group,1,3,1,1,0,1,-40.7709,-140.6005,-78.0544,0.1835,0.6327,0.3512,null,null,null,null,null,null,null,05590064-4646370,J055900.64-464636.9,4801018385973948800,4801018385973948800,null,Gaia DR2 4801018385973948800,3
217044,OCT,CM,Gaia DR2 5498126728127445632,1.06861,6.7438201904296875,0.021943600848317146,15.24476,0.02822,13.97999,0.0241,17.00229,0.04246,null,null,null,null,06:30:24.645,-54:32:46.87,97.60268864168845,-54.546353817652395,null,null,97.602905,-54.546452,null,null,97.60269221288019,-54.54635619613565,97.60268864168845,-54.546353817652395,0.0944121,5,15.067163584960833,0.003,0.014,null,null,null,null,null,null,11.149,10.94,null,null,0.023,0.02,null,null,97.6027466,-54.5463862,null,null,null,null,null,null,null,null,null,null,null,null,null,null,null,null,null,null,null,null,null,null,(M4.2),4.18636,1.16966,M,E,null,null,null,(M4.2),(M4.2),-14.758399963378906,17.190200805664062,0.03174399957060814,0.0320173017680645,8.57393,6.54446,6.5403265953063965,6.5403265953063965,17,0.38,0.15,0,0.21,0.3799999952316284,0.25806975614047617,3108,301,0.2713,0.1783,0.5313,0.1311,null,null,null,null,null,null,null,null,null,null,null,null,null,null,null,null,null,null,null,null,null,null,null,null,null,null,null,null,null,null,null,null,null,null,null,null,null,null,217044,gaiadr3,null,Gaia,DR3,null,null,null,null,null,null,null,null,null,null,null,35,5,127.457,Murp15,moving group,1,3,1,1,0,1,-15.398,-133.7747,-62.0916,0.0498,0.4328,0.2009,-14.53,-3.241,-10.502,0.681,5.904,2.741,Gaia EDR3 5498126728127445632,06302469-5432472,J063024.65-543246.9,5498126728127445632,5498126728127445632,Gaia EDR3 5498126728127445632|Gaia DR2 5498126728127445632,Gaia DR2 5498126728127445632,3
221465,OCT,CM,Gaia DR2 5590277622289164544,1.05628,5.511980056762695,0.027004500851035118,15.80422,0.03299,14.58057,0.02778,17.3919,0.04893,null,null,null,null,07:17:18.767,-35:43:05.78,109.32819632343964,-35.7182714831128,null,null,109.328276,-35.718307,null,null,109.32819936061638,-35.718272685133826,109.32819632343964,-35.7182714831128,0.0224972,8,5.066916920078865,0.005,0.016,null,null,null,null,null,null,11.878,11.659,null,null,0.022,0.022,null,null,109.3282053,-35.7182784,null,null,null,null,null,null,null,null,null,null,null,null,null,null,null,null,null,null,null,null,null,null,(M5.5),5.5157,0.499777,M,E,null,null,null,(M5.5),(M5.5),-17.534000396728516,8.527680397033691,0.029976099729537964,0.03323590010404587,null,null,null,null,null,0.23,0.07,0,0.2,0.23000000417232513,0.21189620391554012,3237,260,0.3472,0.2158,0.5839,0.1284,null,null,null,null,null,null,null,null,null,null,null,null,null,null,null,null,null,null,null,null,null,null,null,null,null,null,null,null,null,null,null,null,null,null,null,null,null,null,221465,gaiadr3,null,Gaia,DR3,null,null,null,null,null,null,null,null,null,null,null,35,5,127.457,Murp15,moving group,1,3,1,1,0,1,-67.4902,-165.0533,-33.5303,0.3314,0.8104,0.1646,null,null,null,null,null,null,null,07171878-3543059,J071718.76-354305.8,5590277622289164544,5590277622289164544,null,Gaia DR2 5590277622289164544,3
242053,OCT,CM,Gaia eDR3 2886971673710973696,1.08856,6.431509971618652,0.0209174994379282,14.98733,0.02999,13.82468,0.02476,16.37611,0.04251,null,null,null,null,05:50:18.242,-37:30:54.37,87.57601005780714,-37.51510184422523,null,null,87.576053,-37.515171,null,null,87.57601186545484,-37.5151039944316,87.57601005780714,-37.51510184422523,0.0724977,2,9.431196476579297,0.002,0.014,null,null,null,null,null,null,11.265,11.112,null,null,0.023,0.02,null,null,87.5760227,-37.5151311,null,null,null,null,null,null,null,null,5.129376924969256e-14,4.611850939660446e-14,-0.91,-0.51,0.014709999784827232,0.006304999813437462,J055017.6-373045,null,null,null,null,null,null,null,(M2.8),2.79812,1.18481,M,E,null,null,null,(M2.8),(M2.8),-10.268500328063965,15.307100296020508,0.02108749933540821,0.023557400330901146,null,null,null,null,null,0.51,0.11,-0.01,0.21,0.49999999068677425,0.2370653857380601,3391,203,0.5201,0.1671,0.6597,0.1166,null,null,null,null,null,null,null,null,null,null,null,null,null,null,null,null,null,null,null,null,null,null,null,null,null,null,null,null,null,null,null,null,null,null,null,null,null,null,242053,gaiadr3,null,Gaia,DR3,null,null,null,null,null,null,null,null,null,null,null,35,5,127.457,Murp15,moving group,1,3,1,1,0,1,-62.0967,-122.9602,-72.1063,0.201,0.398,0.2334,null,null,null,null,null,null,null,05501825-3730546,J055018.24-373054.4,2886971673710973696,2886971673710973696,null,Gaia eDR3 2886971673710973696,3
242078,OCT,CM,Gaia eDR3 2890847722779358080,1.07194,7.60060977935791,0.011157100088894367,13.3299,0.03291,12.3711,0.02584,14.26613,0.04319,null,null,null,null,05:59:11.911,-31:54:52.71,89.79962842361213,-31.914641191209224,null,null,89.799733,-31.914665,null,null,89.79963064696732,-31.914643345608493,89.79962842361213,-31.914641191209224,0.0,3,6.2153654356956896,0.001,0.014,null,null,null,null,null,null,10.183,10.167,null,null,0.023,0.021,null,null,89.7996546,-31.9146502,null,null,null,null,null,null,null,null,1.4707301873713733e-13,6.594178653631015e-14,-0.27,-0.09,0.021379999816417694,0.008213999681174755,J055910.8-315448,null,null,null,null,null,null,null,(K9.2),-0.767759,1.54783,K,E,null,null,null,(K9.2),(K9.2),-13.562000274658203,15.44320011138916,0.011669999919831753,0.011261600069701672,null,null,null,null,null,0.64,0.1,-0.03,0.21,0.6099999863654375,0.23259406171329627,3852,166,0.7505,0.0877,0.7692,0.0865,null,null,null,null,null,null,null,null,null,null,null,null,null,null,null,null,null,null,null,null,null,null,null,null,null,null,null,null,null,null,null,null,null,null,null,null,null,null,242078,gaiadr3,null,Gaia,DR3,null,null,null,null,null,null,null,null,null,null,null,35,5,127.457,Murp15,moving group,1,3,1,1,0,1,-63.912,-101.439,-54.1744,0.0939,0.149,0.0796,null,null,null,null,null,null,null,05591193-3154527,J055911.91-315452.7,2890847722779358080,2890847722779358080,null,Gaia eDR3 2890847722779358080,3
242156,OCT,CM,Gaia eDR3 2906181069560994176,1.09497,7.670690059661865,0.034422799944877625,15.9431,0.02846,14.69276,0.02422,17.66234,0.0431,null,null,null,null,05:20:56.176,-30:02:36.23,80.23406695747909,-30.04339696966888,null,null,80.234132,-30.043461,null,null,80.23406812779766,-30.043399146332163,80.23406695747909,-30.04339696966888,0.133357,0,null,0.001,0.014,null,null,null,null,null,null,11.907,11.709,null,null,0.023,0.021,null,null,80.2340818,-30.0434152,null,null,null,null,null,null,null,null,null,null,null,null,null,null,null,null,null,null,null,null,null,null,(M4.0),3.99155,1.16191,M,E,null,null,null,(M4.0),(M4.0),-7.416059970855713,15.672900199890137,0.03223460167646408,0.039357900619506836,null,null,null,null,null,0.4,0.14,-0.01,0.21,0.3900000061839819,0.2523885841577595,3167,293,0.3098,0.2072,0.5494,0.1256,null,null,null,null,null,null,null,null,null,null,null,null,null,null,null,null,null,null,null,null,null,null,null,null,null,null,null,null,null,null,null,null,null,null,null,null,null,null,242156,gaiadr3,null,Gaia,DR3,null,null,null,null,null,null,null,null,null,null,null,35,5,127.457,Murp15,moving group,1,3,1,1,0,1,-66.6093,-88.766,-68.3979,0.3016,0.4019,0.3097,null,null,null,null,null,null,null,05205619-3002364,J052056.17-300236.2,2906181069560994176,2906181069560994176,null,Gaia eDR3 2906181069560994176,3
242405,OCT,CM,Gaia eDR3 2960847378945543424,1.0209,7.734889984130859,0.03689059987664223,15.82169,0.0277,14.52403,0.0239,17.69592,0.04303,null,null,null,null,05:01:49.578,-23:40:01.92,75.45657550221598,-23.66719915346896,null,null,75.456592,-23.667253,null,null,75.45657641106023,-23.66720111291805,75.45657550221598,-23.66719915346896,0.0847129,1,17.535937137369007,0.002,0.014,null,null,null,null,null,null,11.575,11.369,null,null,0.023,0.021,null,null,75.4565709,-23.6672203,null,null,null,null,null,null,null,null,null,null,null,null,null,null,null,null,null,null,null,null,null,null,(M6.0),5.984,0.125489,M,E,null,null,null,(M6.0),(M6.0),-6.091639995574951,14.000800132751465,0.026666799560189247,0.03483640030026436,null,null,null,null,null,0.19,0.05,0,0.2,0.1899999976158142,0.20615528435283612,2980,292,0.1993,0.1421,0.4993,0.1365,null,null,null,null,null,null,null,null,null,null,null,null,null,null,null,null,null,null,null,null,null,null,null,null,null,null,null,null,null,null,null,null,null,null,null,null,null,null,242405,gaiadr3,null,Gaia,DR3,null,null,null,null,null,null,null,null,null,null,null,35,5,127.457,Murp15,moving group,1,3,1,1,0,1,-76.6355,-75.063,-72.1704,0.3664,0.3589,0.345,null,null,null,null,null,null,null,05014958-2340021,J050149.57-234001.9,2960847378945543424,2960847378945543424,null,Gaia eDR3 2960847378945543424,3
242412,OCT,CM,Gaia eDR3 2961651602981968896,1.2088,9.835769653320312,0.02602040022611618,14.96197,0.02758,13.65624,0.02383,16.86664,0.042,null,null,null,null,05:14:55.471,-22:26:43.22,78.73112793455782,-22.445338980752496,null,null,78.731132,-22.445419,null,null,78.73112936454751,-22.445341257598955,78.73112793455782,-22.445338980752496,0.173569,1,13.110833840769432,0.001,0.014,null,null,null,null,null,null,10.673,10.44,10.32,8.907,0.023,0.02,0.05,null,78.7311213,-22.4453652,78.7310645,-22.4453626,null,null,null,null,null,null,null,null,null,null,null,null,null,null,null,null,null,null,null,null,(M4.7),4.73356,1.15227,M,E,null,null,null,(M4.7),(M4.7),-9.691729545593262,16.268199920654297,0.018366800621151924,0.023458000272512436,null,null,null,null,null,0.31,0.14,0,0.21,0.3100000023841858,0.2523885841577595,2952,280,0.1863,0.1361,0.4865,0.1363,null,null,null,null,null,null,null,null,null,null,null,null,null,null,null,null,null,null,null,null,null,null,null,null,null,null,null,null,null,null,null,null,null,null,null,null,null,null,242412,gaiadr3,null,Gaia,DR3,null,null,null,null,null,null,null,null,null,null,null,35,5,127.457,Murp15,moving group,1,3,1,1,0,1,-62.7218,-60.9198,-51.8893,0.1656,0.1608,0.137,null,null,null,null,null,null,UCAC4 338-007175,05145547-2226435,J051455.46-222643.3,2961651602981968896,2961651602981968896,Gaia EDR3 2961651602981968896|WISE J051455.45-222643.3|UCAC4 338-007175|2MASS J05145547-2226435|TIC 420960877|Gaia DR2 2961651602981968896,Gaia eDR3 2961651602981968896,3
242436,OCT,CM,Gaia eDR3 2965432033197734144,2.2518,7.293910026550293,0.2568190097808838,15.60048,0.0033,14.05939,0.01823,16.44907,0.05851,null,null,null,null,05:32:29.080,-20:43:30.97,83.12116767293385,-20.72526962389253,null,null,null,null,null,null,83.12116909723456,-20.725271244673195,83.12116767293385,-20.72526962389253,2.22269,2,4.036211614866978,0.002,0.014,null,null,null,null,null,null,null,null,null,null,null,null,null,null,null,null,null,null,null,null,null,null,null,null,null,null,null,null,null,null,null,null,null,null,null,null,null,null,(M8.1),8.05814,1.09462,M,E,null,null,null,(M8.1),(M8.1),-10.196399688720703,11.895899772644043,0.14592400193214417,0.20932599902153015,null,null,null,null,null,0.12,0.05,0,0.2,0.11999999731779099,0.20615528435283612,2371,272,0.0277,0.0099,0.1701,0.0485,null,null,null,null,null,null,null,null,null,null,null,null,null,null,null,null,null,null,null,null,null,null,null,null,null,null,null,null,null,null,null,null,null,null,null,null,null,null,242436,gaiadr3,null,Gaia,DR3,null,null,null,null,null,null,null,null,null,null,null,35,5,127.457,Murp15,moving group,1,3,1,1,0,1,-88.7277,-85.4433,-60.7793,3.16,3.043,2.1646,null,null,null,null,null,null,BD-20 1111B,null,null,2965432033197734144,2965432033197734144,Gaia EDR3 2965432033197734144|BD-20 1111B|Gaia DR2 2965432033197734144|** ELP 16B|WDS J05325-2044B,Gaia eDR3 2965432033197734144,3
248112,OCT,CM,Gaia eDR3 4756280494803584256,1.13177,9.012499809265137,0.01049480028450489,13.14908,0.03495,12.15012,0.0275,14.15526,0.04626,null,null,null,null,05:46:04.768,-64:07:05.88,86.51986476209755,-64.11829955346099,null,null,86.520109,-64.118446,null,null,86.51986967391063,-64.1183032138469,86.51986476209755,-64.11829955346099,0.033852,11,3.574404098431234,0.002,0.015,null,null,null,null,null,null,9.834,9.795,null,null,0.023,0.02,null,null,86.5199227,-64.118335,null,null,null,null,null,null,null,null,null,null,null,null,null,null,null,null,null,null,null,null,null,null,(M0.2),0.192285,1.44467,M,E,null,null,null,(M0.2),(M0.2),-15.442399978637695,26.244800567626953,0.014183999970555305,0.013511200435459614,null,null,null,null,null,0.62,0.1,-0.02,0.21,0.6000000052154064,0.23259406171329627,3742,210,0.7408,0.0908,0.7584,0.0887,null,null,null,null,null,null,null,null,null,null,null,null,null,null,null,null,null,null,null,null,null,null,null,null,null,null,null,null,null,null,null,null,null,null,null,null,null,null,248112,gaiadr3,null,Gaia,DR3,null,null,null,null,null,null,null,null,null,null,null,35,5,127.457,Murp15,moving group,1,3,1,1,0,1,5.9126,-94.6217,-57.6466,0.0068,0.1088,0.0663,null,null,null,null,null,null,null,05460482-6407064,J054604.78-640706.0,4756280494803584256,4756280494803584256,null,Gaia eDR3 4756280494803584256,3
248120,OCT,CM,Gaia eDR3 4758656092742149760,1.48167,6.0503997802734375,0.024878699332475662,14.81018,0.03241,13.66177,0.02667,16.18446,0.04599,null,null,null,null,05:58:47.200,-61:24:41.44,89.69666489991899,-61.41151246948356,null,null,89.69675,-61.411579,null,null,89.69666753262038,-61.41151493973621,89.69666489991899,-61.41151246948356,0.205523,3,7.766629994455764,0.004,0.015,null,null,null,null,null,null,11.074,10.943,null,null,0.022,0.019,null,null,89.6966725,-61.4115286,null,null,null,null,null,null,null,null,null,null,null,null,null,null,null,null,null,null,null,null,null,null,(M2.6),2.60314,1.19585,M,E,null,null,null,(M2.6),(M2.6),-9.020750045776367,17.625699996948242,0.031702298671007156,0.03961170092225075,9.35246,5.84965,5.845330715179443,5.845330715179443,16,0.52,0.11,-0.01,0.21,0.5099999811500311,0.2370653857380601,3414,198,0.5427,0.1496,0.6758,0.1108,null,null,null,null,null,null,null,null,null,null,null,null,null,null,null,null,null,null,null,null,null,null,null,null,null,null,null,null,null,null,null,null,null,null,null,null,null,null,248120,gaiadr3,null,Gaia,DR3,null,null,null,null,null,null,null,null,null,null,null,35,5,127.457,Murp15,moving group,1,3,1,1,0,1,1.1174,-143.3846,-82.2064,0.0046,0.5909,0.3388,-14.092,-5.171,-10.306,0.077,5.096,2.922,null,05584722-6124416,J055847.20-612441.5,4758656092742149760,4758656092742149760,null,Gaia eDR3 4758656092742149760,3
248166,OCT,CM,Gaia eDR3 4767364018674944896,1.15906,6.4417500495910645,0.029700899496674538,15.45881,0.02887,14.22936,0.02463,16.98957,0.0465,null,null,null,null,05:48:39.007,-56:18:10.18,87.16252970016701,-56.30282851397871,null,null,87.162576,-56.30294,null,null,87.16253211522651,-56.302831009168536,87.16252970016701,-56.30282851397871,0.168479,3,7.7803276122417255,0.002,0.014,null,null,null,null,null,null,11.532,11.322,null,null,0.056,0.045,null,null,87.1626207,-56.3029553,null,null,null,null,null,null,null,null,null,null,null,null,null,null,null,null,null,null,null,null,null,null,(M3.7),3.70825,1.15531,M,E,null,null,null,(M3.7),(M3.7),-9.384960174560547,17.93549919128418,0.03469239920377731,0.039972998201847076,null,null,null,null,null,0.44,0.13,-0.01,0.21,0.4299999978393316,0.24698177261994228,3218,266,0.3392,0.2116,0.5753,0.1235,null,null,null,null,null,null,null,null,null,null,null,null,null,null,null,null,null,null,null,null,null,null,null,null,null,null,null,null,null,null,null,null,null,null,null,null,null,null,248166,gaiadr3,null,Gaia,DR3,null,null,null,null,null,null,null,null,null,null,null,35,5,127.457,Murp15,moving group,1,3,1,1,0,1,-12.8789,-132.6451,-79.637,0.0591,0.6089,0.3656,null,null,null,null,null,null,null,05483901-5618105,J054839.02-561810.6,4767364018674944896,4767364018674944896,null,Gaia eDR3 4767364018674944896,3
248267,OCT,CM,Gaia eDR3 4794490757238252032,1.1696,8.533670425415039,0.021501600742340088,15.01977,0.02874,13.78535,0.02432,16.65435,0.04271,null,null,null,null,05:47:42.594,-49:14:39.94,86.92747552572783,-49.24442866203387,null,null,86.927551,-49.244514,null,null,86.9274786000284,-49.24443176514975,86.92747552572783,-49.24442866203387,0.116159,3,9.758512442916638,0.001,0.014,null,null,null,null,null,null,11.025,10.844,null,null,0.024,0.021,null,null,86.9274833,-49.2444773,null,null,null,null,null,null,null,null,null,null,null,null,null,null,null,null,null,null,null,null,null,null,(M3.8),3.77576,1.15656,M,E,null,null,null,(M3.8),(M3.8),-14.319299697875977,22.13089942932129,0.026841500774025917,0.031654298305511475,null,null,null,null,null,0.43,0.13,-0.01,0.21,0.4200000073760748,0.24698177261994228,3202,269,0.3324,0.2125,0.5697,0.1244,null,null,null,null,null,null,null,null,null,null,null,null,null,null,null,null,null,null,null,null,null,null,null,null,null,null,null,null,null,null,null,null,null,null,null,null,null,null,248267,gaiadr3,null,Gaia,DR3,null,null,null,null,null,null,null,null,null,null,null,35,5,127.457,Murp15,moving group,1,3,1,1,0,1,-23.9999,-98.2639,-59.1664,0.06,0.2458,0.148,null,null,null,null,null,null,null,05474261-4914402,J054742.59-491440.1,4794490757238252032,4794490757238252032,null,Gaia eDR3 4794490757238252032,3
248377,OCT,CM,Gaia eDR3 4812228216257256960,1.04255,9.609620094299316,0.024769200012087822,15.6207,0.0277,14.32203,0.02389,17.50069,0.04301,null,null,null,null,05:08:41.976,-43:47:08.36,77.17490117909584,-43.78565424751802,null,null,77.174954,-43.785774,null,null,77.17490289922037,-43.785658049962926,77.17490117909584,-43.78565424751802,0.105083,3,17.61487589231036,0.001,0.014,null,null,null,null,null,null,11.378,11.148,null,null,0.024,0.021,null,null,77.1749061,-43.7856998,null,null,null,null,null,null,null,null,null,null,null,null,null,null,null,null,null,null,null,null,null,null,(M6.0),6,0,M,E,null,null,null,(M6.0),(M6.0),-8.831279754638672,27.069900512695312,0.027540700510144234,0.03421489894390106,null,null,null,null,null,0.19,0.05,0,0.2,0.1899999976158142,0.20615528435283612,2987,297,0.1952,0.1398,0.498,0.1348,null,null,null,null,null,null,null,null,null,null,null,null,null,null,null,null,null,null,null,null,null,null,null,null,null,null,null,null,null,null,null,null,null,null,null,null,null,null,248377,gaiadr3,null,Gaia,DR3,null,null,null,null,null,null,null,null,null,null,null,35,5,127.457,Murp15,moving group,1,3,1,1,0,1,-30.0554,-78.1306,-61.8112,0.0773,0.2011,0.1591,null,null,null,null,null,null,null,05084198-4347087,J050841.97-434708.5,4812228216257256960,4812228216257256960,null,Gaia eDR3 4812228216257256960,3
248417,OCT,CM,Gaia eDR3 4821063926057974528,1.05882,8.290399551391602,0.03186950087547302,15.94977,0.02828,14.68555,0.02441,17.70555,0.04425,null,null,null,null,05:13:13.074,-36:17:51.85,78.3044754940965,-36.297735536972006,null,null,78.304499,-36.297798,null,null,78.30447687926478,-36.297738170282784,78.3044754940965,-36.297735536972006,0.123654,1,13.82109089934505,0.001,0.014,null,null,null,null,null,null,11.858,11.644,null,null,0.022,0.022,null,null,78.3044966,-36.2977633,null,null,null,null,null,null,null,null,null,null,null,null,null,null,null,null,null,null,null,null,null,null,(M4.2),4.17895,1.16355,M,E,null,null,null,(M4.2),(M4.2),-8.10708999633789,18.894699096679688,0.034637998789548874,0.03915579989552498,null,null,null,null,null,0.38,0.14,0,0.21,0.3799999952316284,0.2523885841577595,3104,305,0.2726,0.1834,0.5323,0.129,null,null,null,null,null,null,null,null,null,null,null,null,null,null,null,null,null,null,null,null,null,null,null,null,null,null,null,null,null,null,null,null,null,null,null,null,null,null,248417,gaiadr3,null,Gaia,DR3,null,null,null,null,null,null,null,null,null,null,null,35,5,127.457,Murp15,moving group,1,3,1,1,0,1,-49.6826,-85.9505,-68.5168,0.1914,0.3311,0.2639,null,null,null,null,null,null,null,05131307-3617520,J051313.07-361751.9,4821063926057974528,4821063926057974528,null,Gaia eDR3 4821063926057974528,3
248662,OCT,CM,Gaia eDR3 4894903240032171520,2.07213,9.69143009185791,0.03665719926357269,14.69788,0.02722,13.36964,0.02452,16.33874,0.04191,null,null,null,null,04:42:05.123,-24:04:43.09,70.5213467611589,-24.078636183095,null,null,70.521357,-24.078693,null,null,70.52134753302059,-24.078638525550986,70.5213467611589,-24.078636183095,0.345296,2,1.4202973401671515,0.001,0.014,null,null,null,null,null,null,10.422,10.203,null,null,0.023,0.02,null,null,70.5213228,-24.0785961,null,null,null,null,null,null,70.521281688766,-24.0790063030724,null,null,null,null,null,null,null,null,null,null,null,null,null,null,(M6.0),5.9996,0.0199976,M,E,null,null,null,(M6.0),(M6.0),-5.343629837036133,16.638500213623047,0.028277400881052017,0.03499139845371246,null,null,null,null,null,0.19,0.05,0,0.2,0.1899999976158142,0.20615528435283612,2876,255,0.1564,0.1195,0.4475,0.146,null,null,null,null,null,null,null,null,null,null,null,null,null,null,null,null,null,null,null,null,null,null,null,null,null,null,null,null,null,null,null,null,null,null,null,null,null,null,248662,gaiadr3,null,Gaia,DR3,null,null,null,null,null,null,null,null,null,null,null,35,5,127.457,Murp15,moving group,1,3,1,1,0,1,-58.9278,-55.4312,-64.0435,0.2218,0.2087,0.2411,null,null,null,null,null,null,null,04420512-2404432,J044205.11-240442.9,4894903240032171520,4894903240032171520,null,Gaia eDR3 4894903240032171520,3
248976,OCT,CM,Gaia eDR3 5091783823622415488,1.12993,9.464309692382812,0.013238299638032913,13.37243,0.03184,12.31294,0.02532,14.4962,0.0429,null,null,null,null,04:20:13.619,-20:12:29.12,65.05674430878857,-20.208089917385145,null,null,65.056735,-20.208155,null,null,65.0567443830836,-20.20809202177769,65.05674430878857,-20.208089917385145,0.0,4,4.426590212457179,0.001,0.014,null,null,null,null,null,null,9.889,9.804,null,null,0.039,0.038,null,null,65.0566589,-20.208091,null,null,null,null,null,null,null,null,null,null,null,null,null,null,null,null,null,null,null,null,null,null,(M1.3),1.30945,1.25455,M,E,null,null,null,(M1.3),(M1.3),-0.5178850293159485,14.98069953918457,0.010693900287151337,0.013197699561715126,null,null,null,null,null,0.59,0.1,-0.02,0.21,0.5699999742209911,0.23259406171329627,3583,201,0.6525,0.1318,0.7318,0.0916,null,null,null,null,null,null,null,null,null,null,null,null,0.10351400077342987,0.002061299979686737,null,null,null,null,null,null,null,null,null,null,null,null,null,null,null,null,null,null,null,null,null,null,null,null,248976,gaiadr3,null,Gaia,DR3,null,null,null,null,null,null,null,null,null,null,null,35,5,127.457,Murp15,moving group,1,3,1,1,0,1,-63.1647,-46.5959,-70.7344,0.0875,0.0646,0.098,null,null,null,null,null,null,null,04201361-2012293,J042013.59-201229.1,5091783823622415488,5091783823622415488,null,Gaia eDR3 5091783823622415488,3
248977,OCT,CM,Gaia eDR3 5091783823622415872,1.10251,9.463580131530762,0.013688200153410435,13.48699,0.03159,12.40322,0.02534,14.66123,0.04284,null,null,null,null,04:20:13.343,-20:12:31.26,65.05559638814815,-20.20868274847268,null,null,65.055587,-20.208744,null,null,65.0555963508244,-20.208684860440513,65.05559638814815,-20.20868274847268,0.0,4,4.426577278131173,0.001,0.014,null,null,null,null,null,null,10.036,9.942,null,null,0.043,0.041,null,null,65.0555497,-20.2087045,null,null,null,null,null,null,null,null,null,null,null,null,null,null,null,null,null,null,null,null,null,null,(M1.7),1.68467,1.23207,M,E,null,null,null,(M1.7),(M1.7),0.2561529874801636,15.081199645996094,0.011182400397956371,0.013654399663209915,null,null,null,null,null,0.57,0.1,-0.02,0.21,0.5499999932944775,0.23259406171329627,3529,196,0.6282,0.1268,0.719,0.0952,null,null,1.666640043258667,0.20358499884605408,null,null,null,null,null,null,null,null,null,null,null,null,null,null,null,null,null,null,null,null,null,null,null,null,null,null,null,null,null,null,null,null,null,null,248977,gaiadr3,null,Gaia,DR3,null,null,null,null,null,null,null,null,null,null,null,35,5,127.457,Murp15,moving group,1,3,1,1,0,1,-63.1658,-46.5972,-70.739,0.0923,0.0681,0.1034,null,null,null,null,null,null,null,04201334-2012314,J042013.33-201231.3,5091783823622415872,5091783823622415872,null,Gaia eDR3 5091783823622415872,3
249778,OCT,CM,Gaia eDR3 5283695606797809664,1.09198,6.488120079040527,0.029311100021004677,15.82117,0.03328,14.50711,0.0297,17.39749,0.05117,null,null,null,null,06:28:13.191,-66:04:19.40,97.05496345727113,-66.07205419714838,null,null,null,null,null,null,97.05496768804178,-66.0720566187301,97.05496345727113,-66.07205419714838,0.0710875,8,1.4856112891311688,0.004,0.017,null,null,null,null,null,null,null,null,null,null,null,null,null,null,null,null,null,null,null,null,null,null,97.0545500126616,-66.0717930377615,null,null,null,null,null,null,null,null,null,null,null,null,null,null,(M4.8),4.84352,1.20427,M,E,null,null,null,(M4.8),(M4.8),-12.175999641418457,17.380199432373047,0.043899599462747574,0.0389104001224041,null,null,null,null,null,0.3,0.14,0,0.21,0.30000001192092896,0.2523885841577595,2928,290,0.1769,0.1405,0.4752,0.1453,null,null,null,null,null,null,null,null,null,null,null,null,null,null,null,null,null,null,null,null,null,null,null,null,null,null,null,null,null,null,null,null,null,null,null,null,null,null,249778,gaiadr3,null,Gaia,DR3,null,null,null,null,null,null,null,null,null,null,null,35,5,127.457,Murp15,moving group,1,3,1,1,0,1,14.3975,-136.6242,-69.8652,0.0657,0.6237,0.3189,null,null,null,null,null,null,null,null,null,5283695606797809664,5283695606797809664,null,Gaia eDR3 5283695606797809664,3
249782,OCT,CM,Gaia eDR3 5284647783862718464,2.35894,6.78095006942749,0.1030300036072731,15.26798,0.00312,13.66972,0.00668,16.45557,0.00791,null,null,null,null,06:33:29.991,-64:51:07.99,98.3749617292906,-64.8522207796414,null,null,null,null,null,null,98.37496435565093,-64.85222441491398,98.3749617292906,-64.8522207796414,1.11189,5,0.7731484131577925,0.004,0.016,null,null,null,null,null,null,10.948,10.78,null,null,0.023,0.02,null,null,98.3748561,-64.8522097,null,null,null,null,null,null,null,null,1.7930288018286226e-13,2.965807416340722e-14,0.04,0.13,0.021040000021457672,0.0029589999467134476,J063330.6-645107,null,null,null,null,null,null,null,null,null,null,null,null,null,null,null,null,null,-12.634400367736816,17.963600158691406,0.14847999811172485,0.1524990051984787,null,null,null,null,null,null,null,null,null,null,null,null,null,null,null,null,null,null,null,null,null,null,null,null,null,null,null,null,null,null,null,null,null,null,null,null,null,null,null,null,null,null,null,null,null,null,null,null,null,null,null,null,null,null,null,249782,gaiadr3,null,Gaia,DR3,null,null,null,null,null,null,null,null,null,null,null,35,5,127.457,Murp15,moving group,1,3,1,1,0,1,10.9397,-131.8469,-65.2516,0.1661,2.0022,0.9909,null,null,null,null,null,null,null,null,J063329.96-645107.9,5284647783862718464,5284647783862718464,null,Gaia eDR3 5284647783862718464,3
250424,OCT,CM,Gaia eDR3 5479061093423101440,1.08044,7.031740188598633,0.026769699528813362,15.60061,0.03066,14.36098,0.02601,17.25194,0.04578,null,null,null,null,06:49:29.570,-61:40:50.85,102.37320708659614,-61.68079141434095,null,null,102.373384,-61.680882,null,null,102.37321157777171,-61.68079382209583,102.37320708659614,-61.68079141434095,0.102958,1,22.422662681212298,0.003,0.015,null,null,null,null,null,null,11.625,11.439,null,null,0.023,0.021,null,null,102.3732632,-61.6808173,null,null,null,null,null,null,null,null,null,null,null,null,null,null,null,null,null,null,null,null,null,null,(M3.8),3.84646,1.17425,M,E,null,null,null,(M3.8),(M3.8),-15.142999649047852,17.20549964904785,0.030543500557541847,0.03769620135426521,null,null,null,null,null,0.42,0.13,-0.01,0.21,0.40999998711049557,0.24698177261994228,3196,273,0.3231,0.214,0.5639,0.1272,null,null,null,null,null,null,null,null,null,null,null,null,null,null,null,null,null,null,null,null,null,null,null,null,null,null,null,null,null,null,null,null,null,null,null,null,null,null,250424,gaiadr3,null,Gaia,DR3,null,null,null,null,null,null,null,null,null,null,null,35,5,127.457,Murp15,moving group,1,3,1,1,0,1,3.8098,-129.9771,-57.5976,0.0146,0.4988,0.221,null,null,null,null,null,null,null,06492961-6140511,J064929.58-614050.9,5479061093423101440,5479061093423101440,null,Gaia eDR3 5479061093423101440,3
250434,OCT,CM,Gaia eDR3 5481143912043019904,1.01676,7.3213701248168945,0.029959799721837044,15.90071,0.03075,14.66622,0.02599,17.57408,0.04604,null,null,null,null,06:17:44.031,-61:27:28.55,94.43346099426867,-61.45792927169558,null,null,94.433584,-61.458012,null,null,94.43346541564395,-61.4579319890429,94.43346099426867,-61.45792927169558,0.0,1,14.56902058290407,0.003,0.015,null,null,null,null,null,null,11.931,11.732,null,null,0.022,0.021,null,null,94.4335336,-61.4579711,null,null,null,null,null,null,null,null,null,null,null,null,null,null,null,null,null,null,null,null,null,null,(M3.8),3.77671,1.18278,M,E,null,null,null,(M3.8),(M3.8),-15.040300369262695,19.72610092163086,0.044593699276447296,0.041108500212430954,null,null,null,null,null,0.43,0.13,-0.01,0.21,0.4200000073760748,0.24698177261994228,3206,270,0.3329,0.218,0.5702,0.1254,null,null,null,null,null,null,null,null,null,null,null,null,null,null,null,null,null,null,null,null,null,null,null,null,null,null,null,null,null,null,null,null,null,null,null,null,null,null,250434,gaiadr3,null,Gaia,DR3,null,null,null,null,null,null,null,null,null,null,null,35,5,127.457,Murp15,moving group,1,3,1,1,0,1,1.4995,-121.0698,-63.2259,0.0062,0.4992,0.2607,null,null,null,null,null,null,null,06174406-6127288,J061744.04-612728.6,5481143912043019904,5481143912043019904,null,Gaia eDR3 5481143912043019904,3
250540,OCT,CM,Gaia eDR3 5500506999002620160,1.0909,7.703670024871826,0.02795029990375042,15.80483,0.02828,14.54307,0.02432,17.51333,0.04362,null,null,null,null,06:13:38.120,-53:23:30.74,93.40883240055928,-53.391872745090524,null,null,93.408941,-53.391964,null,null,93.40883601128805,-53.391875488976815,93.40883240055928,-53.391872745090524,0.0747687,9,14.665180491993608,0.002,0.014,null,null,null,null,null,null,11.709,11.503,null,null,0.022,0.02,null,null,93.4088794,-53.391887,null,null,null,null,null,null,null,null,null,null,null,null,null,null,null,null,null,null,null,null,null,null,(M5.8),5.8306,0.375117,M,E,null,null,null,(M5.8),(M5.8),-15.312999725341797,19.833499908447266,0.041551198810338974,0.035528600215911865,null,null,null,null,null,0.21,0.06,0,0.2,0.20999999344348907,0.20880613264739226,3129,293,0.2819,0.183,0.5354,0.1273,null,null,null,null,null,null,null,null,null,null,null,null,null,null,null,null,null,null,null,null,null,null,null,null,null,null,null,null,null,null,null,null,null,null,null,null,null,null,250540,gaiadr3,null,Gaia,DR3,null,null,null,null,null,null,null,null,null,null,null,35,5,127.457,Murp15,moving group,1,3,1,1,0,1,-16.8241,-114.4858,-58.8272,0.0609,0.4143,0.2129,null,null,null,null,null,null,null,06133814-5323310,J061338.13-532330.7,5500506999002620160,5500506999002620160,null,Gaia eDR3 5500506999002620160,3
251054,OCT,CM,Gaia eDR3 5568154177024175744,1.10351,8.184880256652832,0.011853699572384357,13.75929,0.03163,12.67949,0.02531,14.93607,0.04291,null,null,null,null,06:14:46.093,-44:29:43.51,93.69205577016278,-44.49541896996966,null,null,93.692159,-44.495491,null,null,93.69205932646486,-44.49542154326359,93.69205577016278,-44.49541896996966,0.0167082,5,13.860335564809331,0.001,0.014,null,null,null,null,null,null,10.285,10.188,null,null,0.023,0.02,null,null,93.6921026,-44.495441,null,null,null,null,null,null,93.692691552096,-44.4955650619244,1.5382265200838447e-13,5.6375174070767696e-14,-0.35000000000000003,-0.56,0.023830000311136246,0.007098999805748463,J061445.2-442943,null,null,null,null,null,null,null,(M1.6),1.62499,1.2285,M,E,null,null,null,(M1.6),(M1.6),-18.153900146484375,18.4424991607666,0.013786899857223034,0.015193000435829163,9.62371,3.20198,3.1940860748291016,3.1940860748291016,19,0.57,0.1,-0.02,0.21,0.5499999932944775,0.23259406171329627,3543,197,0.6334,0.1258,0.7217,0.0939,null,null,null,null,null,null,null,null,null,null,null,null,null,null,null,null,null,null,null,null,null,null,null,null,null,null,null,null,null,null,null,null,null,null,null,null,null,null,251054,gaiadr3,null,Gaia,DR3,null,null,null,null,null,null,null,null,null,null,null,35,5,127.457,Murp15,moving group,1,3,1,1,0,1,-34.2242,-105.4229,-51.4027,0.049,0.1509,0.0736,-14.08,-1.361,-10.916,0.892,2.747,1.34,null,06144611-4429437,J061446.10-442943.5,5568154177024175744,5568154177024175744,null,Gaia eDR3 5568154177024175744,3
519342,OCT,CM,Gaia eDR3 3211122751143595776,1.21703,6.835020065307617,0.04769289866089821,15.44404,0.03237,14.18862,0.02753,17.12944,0.04864,null,null,null,null,05:04:43.317,-06:35:38.82,76.18048550041983,-6.594115666922128,null,null,76.180527,-6.594128,null,null,76.18048628488616,-6.5941164560957235,76.18048550041983,-6.594115666922128,0.190601,0,null,0.005,0.016,null,null,null,null,null,null,11.4,11.203,null,null,0.022,0.02,null,null,76.180496,-6.5941237,null,null,null,null,null,null,null,null,null,null,null,null,null,null,null,null,null,null,null,null,null,null,(M4.1),4.06023,1.19641,M,E,null,null,null,(M4.1),(M4.1),-5.6354899406433105,5.600419998168945,0.047423701733350754,0.033233001828193665,null,null,null,null,null,0.4,0.14,0,0.21,0.4000000059604645,0.2523885841577595,3144,302,0.2939,0.1981,0.5435,0.1266,null,null,null,null,null,null,null,null,null,null,null,null,null,null,null,null,null,null,null,null,null,null,null,null,null,null,null,null,null,null,null,null,null,null,null,null,null,null,519342,gaiadr3,null,Gaia,DR3,null,null,null,null,null,null,null,null,null,null,null,35,5,127.457,Murp15,moving group,1,3,1,1,0,1,-117.0504,-58.1786,-65.7407,0.8089,0.402,0.4543,null,null,null,null,null,null,Gaia EDR3 3211122751143595776,05044332-0635388,J050443.31-063538.8,3211122751143595776,3211122751143595776,Gaia EDR3 3211122751143595776|Gaia DR2 3211122751143595776,Gaia eDR3 3211122751143595776,3
