idtable_oid,pop_id,TIC,gaiadr3_source_id,epic_id,per,ra,dec,parallax,ruwe,phot_g_mean_mag,phot_bp_mean_mag,phot_rp_mean_mag,bp_rp,bp_g,g_rp,phot_variable_flag
1,0,59129133,3392549449695395968,246676629,0.6253,74.86843172888425,14.2732197353785,6.345331597315533,7.779637,14.047401,15.675541,12.795047,2.880494,1.6281395,1.2523546,VARIABLE
2,1,59091144,3392553852037339776,246682490,3.6324,74.76961528990552,14.348870808621461,6.059355898783959,2.98668,13.905177,14.838735,12.1542,2.684535,0.9335575,1.7509775,NOT_AVAILABLE
3,2,118769116,3411342134934571520,247343526,0.3568,70.22261543166712,20.9295690834417,8.377846902940108,1.1280006,16.093126,18.312695,14.713364,3.599331,2.2195683,1.3797626,NOT_AVAILABLE
4,3,175594111,6045818685674325760,203354381,0.5993,246.61604560736302,-26.420999102130278,7.047532337875181,2.3595994,14.057186,15.727642,12.800911,2.926731,1.6704559,1.2562752,VARIABLE
5,4,322928171,6048612514663537280,203636498,0.7794,245.27122216313722,-25.46188783535301,7.4629067962458,1.1250278,15.438386,17.571142,14.08409,3.487052,2.1327562,1.3542957,VARIABLE
6,5,175743566,6049078741946841856,203821589,0.6677,246.99979162613235,-24.80547888953024,7.38199051014557,1.0501082,14.982268,17.585695,13.556195,4.0295,2.603427,1.4260731,VARIABLE
7,6,98689067,6049136569386567296,203897692,0.6043,246.4837074578255,-24.504261539607842,7.410937464131802,0.98846084,16.120829,19.288797,14.606515,4.6822824,3.1679688,1.5143137,VARIABLE
8,7,49072162,6049979104536677632,204060981,0.3996,242.734073619829,-23.82481988484815,7.173886976291808,1.5090948,13.695468,15.418224,12.433225,2.9849997,1.7227564,1.2622433,VARIABLE
9,8,203822419,6050952515921144192,204185983,1.0529,246.4701052703044,-23.326863062346664,,,12.7641535,14.033722,11.336014,2.6977081,1.2695684,1.4281397,NOT_AVAILABLE
10,9,48908525,6242105876588253056,204099739,0.7428,242.16282292033966,-23.66834039136272,7.079736385787456,2.6888916,13.096745,14.54827,11.912368,2.6359024,1.4515257,1.1843767,VARIABLE
11,10,49815071,6246044017998844160,205267399,0.3344,244.67446384790134,-18.54452635779301,8.834005064056253,1.5612949,14.171144,15.969456,12.888858,3.0805979,1.7983122,1.2822857,VARIABLE
12,11,204792541,6044751575283331840,203050730,0.4865,247.77409823576662,-27.4295835253529,6.8059216407903484,1.7696596,14.679148,16.473978,13.395591,3.0783873,1.7948303,1.2835569,VARIABLE
13,12,205060766,6044838303564444544,203185083,0.44,248.64637401645888,-26.967609476753427,6.1657597300040345,1.2446789,14.942842,16.84877,13.6316,3.2171698,1.9059286,1.3112411,VARIABLE
14,13,68502886,6048717277503393792,203534383,0.2784,243.51240762212066,-25.814878535154072,6.485630660280696,1.06201,16.52324,18.909864,15.1110115,3.798853,2.3866253,1.4122276,VARIABLE
15,14,66750314,6235428336315960576,203462615,0.5201,239.90856452778758,-26.05661856069296,7.405387165317243,1.3973713,14.526533,16.515575,13.206615,3.30896,1.9890423,1.3199177,VARIABLE
16,15,12659333,6237069013821425408,204066898,0.3956,239.650836555846,-23.800667000452663,8.085595878833814,1.502884,14.224256,15.921597,12.972339,2.9492579,1.697341,1.2519169,VARIABLE
17,16,49072492,6242145626506129664,204117263,0.6423,242.75877100180963,-23.597485617047663,7.296864835336202,1.1669052,15.320228,17.319525,13.995404,3.3241205,1.9992971,1.3248234,VARIABLE
18,17,49198167,6242649340270424704,204367193,0.4835,242.97660775564654,-22.613757580453104,7.012483485327592,1.0160235,18.291615,20.962223,16.83326,4.1289635,2.6706085,1.458355,VARIABLE
19,18,49518818,6245595108015533824,205110559,0.4031,243.83204735351126,-19.352129420164463,7.335849952155242,1.178794,15.295799,17.489756,13.934652,3.5551033,2.1939564,1.3611469,VARIABLE
20,19,220765024,6246944689821248128,204918279,0.4665,239.10456230171408,-20.27118593014593,,,14.801647,16.495752,13.031375,3.4643774,1.6941051,1.7702723,VARIABLE
21,20,9669706,6247083125210430080,204897050,0.2639,240.42069502396566,-20.369017437115822,7.173073135794243,1.2985101,15.615209,17.888346,14.228607,3.6597385,2.273137,1.3866014,VARIABLE
22,21,280945693,5234117008292638464,,0.6363,174.06969017573073,-69.46431784503775,10.156959469695385,1.1615247,13.450549,15.158709,12.192395,2.9663134,1.7081594,1.2581539,NOT_AVAILABLE
23,22,296790810,5236296171620605824,,0.3713,176.60696561645332,-66.69314473735476,9.419080726392945,1.9867646,13.7255125,15.53353,12.439406,3.0941238,1.8080177,1.2861061,NOT_AVAILABLE
24,23,290889135,5237270068366411392,,0.4835,173.9842259277706,-65.5033821431924,9.581122377658312,8.890847,12.785272,14.150479,11.621348,2.529131,1.3652077,1.1639233,NOT_AVAILABLE
25,24,301432612,5341919587915807616,,0.5044,178.51962164382067,-58.044739411999544,9.2546965186246,1.143178,13.850112,15.372915,12.6421585,2.7307568,1.5228033,1.2079535,NOT_AVAILABLE
26,25,93763678,5345273648130813696,,0.9156,175.84339418088027,-53.45319140117892,8.812782659413871,1.0756918,15.416855,17.25473,14.125443,3.1292868,1.8378754,1.2914114,NOT_AVAILABLE
27,26,448002486,5856059166484152320,,0.3593,185.4085341847625,-69.14392916422017,9.0679266761811,1.2200902,14.7112665,16.582499,13.406285,3.1762133,1.871232,1.3049812,NOT_AVAILABLE
28,27,328468855,5856567140866125440,,1.862,190.75677383761345,-67.9390472702317,9.562086656386445,1.0962032,13.481029,14.906748,12.306578,2.6001701,1.4257193,1.1744509,NOT_AVAILABLE
29,28,435899024,5861945711251717888,,0.3634,193.09477601636178,-64.31086838797087,9.798781260000661,1.1421024,14.023056,15.764442,12.757568,3.006874,1.7413864,1.2654877,NOT_AVAILABLE
30,29,973449111,5868286560427916160,,0.621,199.89959329837058,-62.57685943306821,9.471389994106259,1.2761948,13.907976,15.351401,12.6958065,2.6555948,1.4434252,1.2121696,NOT_AVAILABLE
31,30,309321971,5901773217829654912,,0.6314,223.90749410572704,-49.574334010620525,7.131229723971337,4.482576,14.123182,15.606538,12.932131,2.674407,1.4833555,1.1910515,VARIABLE
32,31,254612758,5988925319818253696,,0.5939,236.28465134424192,-44.43549167038747,5.9699993029594625,1.5623534,13.801726,15.309628,12.601469,2.7081585,1.5079012,1.2002573,VARIABLE
33,32,364291454,5996407565146180992,,0.3495,239.0293761820178,-40.01003574230083,8.304323846516889,1.293086,14.579547,16.381493,13.296107,3.0853853,1.8019457,1.2834396,NOT_AVAILABLE
34,33,147828926,5999293989334501888,,0.4973,230.73822433827704,-45.93865048575544,6.654544669829071,1.4043115,13.845657,15.248459,12.660516,2.587943,1.4028015,1.1851416,VARIABLE
35,34,176205621,6001888939853401728,,0.4258,235.55291809645382,-41.16538596749024,6.687760026313424,1.830861,14.357978,15.954665,13.12626,2.8284054,1.5966873,1.2317181,VARIABLE
36,35,276502773,6004379539837518080,,0.5553,228.641118175234,-40.90546223723453,6.065524295512433,1.0850546,15.210546,16.810232,13.974487,2.8357449,1.5996866,1.2360582,NOT_AVAILABLE
37,36,99207324,6011565879115186816,,0.7912,236.52504820209285,-35.41965647402861,9.471628332775024,2.166713,15.622938,17.304691,14.199937,3.1047544,1.6817532,1.4230013,NOT_AVAILABLE
38,37,310720311,6053706655144658688,,0.6651,185.47122124462413,-63.79269605668178,9.548429075210374,3.5406013,13.083338,14.480796,11.901159,2.5796366,1.3974581,1.1821785,NOT_AVAILABLE
39,38,405970436,6056701037640956288,,0.5772,192.7443111941952,-59.566770004246344,9.608768757112399,1.1459315,14.36152,16.045927,13.113854,2.9320726,1.6844072,1.2476654,NOT_AVAILABLE
40,39,406040223,6057147611155597440,,0.3242,193.841440947328,-58.77823018979762,8.981100323768048,1.1056973,14.927126,16.812332,13.633017,3.1793156,1.8852062,1.2941093,NOT_AVAILABLE
41,40,207621404,6064353054428529152,,0.4514,206.88657756139875,-55.550468341487125,7.170024700213291,1.1364818,14.571309,16.163801,13.346444,2.817357,1.5924921,1.224865,VARIABLE
42,41,405695928,6073671037505307904,,1.3392,192.1088492385783,-55.63780974524772,8.626356675499204,1.1391916,14.167015,15.622408,12.975426,2.6469822,1.4553928,1.1915894,NOT_AVAILABLE
43,42,273821594,6074279754632630272,,0.6642,189.10404806816555,-55.119565019368736,9.586761450238859,1.2014313,13.893891,15.449167,12.674365,2.7748022,1.5552759,1.2195263,NOT_AVAILABLE
44,43,419779703,6074797246644014720,,0.3689,191.62999482430325,-54.07534088999357,9.817814417672977,1.8795624,14.59447,16.398293,13.304655,3.0936375,1.8038225,1.289815,NOT_AVAILABLE
45,44,398768350,6075429981240520704,,0.4899,180.33251060987376,-56.817435585879196,9.693099964847113,6.72877,13.309187,14.759568,12.126894,2.6326742,1.4503813,1.1822929,NOT_AVAILABLE
46,45,288093002,6076050346312676608,,0.4315,185.11668836359007,-54.5937161789403,9.595222186097233,1.2634372,13.855096,15.399588,12.638747,2.7608404,1.5444918,1.2163486,NOT_AVAILABLE
47,46,161734785,6079297818307636096,,0.3487,190.44676745496682,-51.16846702333641,6.851703070199447,1.1337171,15.15759,16.804708,13.91783,2.886878,1.6471186,1.2397594,NOT_AVAILABLE
48,47,165904363,6079467216120374784,,1.4963,192.4253764298918,-49.88781321256721,9.002777565221546,1.0799884,14.636546,16.273392,13.401615,2.8717766,1.6368456,1.234931,NOT_AVAILABLE
49,48,404335106,6081131979803083136,,2.9329,195.82388991548189,-51.83695550250096,9.69568395627295,1.231233,13.927269,15.404463,12.743622,2.660841,1.4771938,1.1836472,NOT_AVAILABLE
50,49,404387832,6081508322019767296,,0.4423,195.9763670781737,-50.250587707972414,8.916609677692584,1.7109753,14.269439,16.020287,12.999871,3.0204153,1.7508478,1.2695675,NOT_AVAILABLE
51,50,328906141,6089133916200093696,,0.463,211.4774638644519,-52.43343221709856,6.844980107906206,1.3392518,15.008779,16.703465,13.752981,2.9504833,1.6946859,1.2557974,VARIABLE
52,51,329694185,6089460471148907008,,0.2726,212.47220185554346,-52.288215850608985,8.199609736126469,0.97399837,16.173084,18.392502,14.8033495,3.5891523,2.2194176,1.3697348,NOT_AVAILABLE
53,52,330560000,6089681782226103680,,1.3899,213.60214003676018,-51.055370636156105,7.90003335434201,1.0447961,16.1617,18.056158,14.857722,3.1984358,1.8944588,1.303977,NOT_AVAILABLE
54,53,211513644,6091694403899673728,,0.6336,217.0397788188554,-49.26271183288056,8.008638238785657,1.4997633,13.878517,15.37587,12.680383,2.695487,1.4973526,1.1981344,VARIABLE
55,54,242407571,6095898695842130048,,0.4722,213.60354377420435,-45.94539254701264,8.918736495515118,2.1228707,13.061971,14.589086,11.855285,2.733801,1.5271149,1.206686,VARIABLE
56,55,127866051,6097896886430083712,,0.7988,,,,,,,,,,,
57,56,127246012,6099073363870236800,,0.4274,217.1240196057819,-45.95422679657735,5.8097835512462055,1.1629603,15.648744,17.537157,14.351346,3.185811,1.8884134,1.2973976,NOT_AVAILABLE
58,57,129309458,6100482559819865856,,0.5533,220.92934017198283,-43.632180598602545,8.584979989459423,1.0725826,14.780856,16.472513,13.536113,2.9364004,1.6916571,1.2447433,NOT_AVAILABLE
59,58,127309526,6102553352528751104,,0.217,216.99835511783616,-43.44139700382107,6.166357020452624,1.7040397,14.4267435,16.141003,13.169443,2.9715595,1.7142591,1.2573004,VARIABLE
60,59,241884143,6103443682068685696,,0.2695,217.80335386244496,-41.0662586756567,6.930197475606088,1.8848047,13.987535,15.586606,12.756991,2.8296146,1.5990705,1.2305441,VARIABLE
61,60,243499565,6106993554140699520,,1.1947,206.14923821032684,-47.10380147281296,7.5728625461753385,1.1796741,14.497091,16.003052,13.301688,2.7013636,1.5059605,1.1954031,NOT_AVAILABLE
62,61,243449997,6107289533226214400,,0.3827,205.6408303888171,-46.140630033851984,7.698970576919238,1.0873175,15.4765625,17.349678,14.183131,3.1665468,1.8731155,1.2934313,NOT_AVAILABLE
63,62,243611773,6108669214161311616,,0.349,207.0678553122777,-44.044077273238194,6.810406171571845,1.095289,15.023652,16.926985,13.7179365,3.2090483,1.9033327,1.3057156,VARIABLE
64,63,243381460,6111548074901230080,,0.3684,205.00686398858346,-43.81586888822286,7.599692610683359,3.0566335,13.327219,14.809366,12.124745,2.6846209,1.4821472,1.2024736,VARIABLE
65,64,179367270,6117102949382766976,,2.6435,211.88017744685004,-39.53797899493527,6.9227935516993515,1.2323172,14.379794,15.80927,13.200353,2.6089172,1.4294758,1.1794415,NOT_AVAILABLE
66,65,248145126,6135268015342940928,,0.3504,193.9388568234224,-44.86432171829587,8.131301493698544,1.1017901,15.174959,16.933914,13.904592,3.0293226,1.758955,1.2703676,NOT_AVAILABLE
67,66,135162879,6148164290302297600,,0.3775,185.5548662975253,-41.800719737945315,7.645870209129524,1.122123,14.957653,16.696331,13.699919,2.9964123,1.738678,1.2577343,NOT_AVAILABLE
68,67,121840452,6197960106773771776,,0.3785,226.32031118553945,-38.23679932311318,8.45506633031325,6.9395194,14.01585,15.720512,12.742152,2.9783602,1.7046623,1.2736979,NOT_AVAILABLE
69,68,461643692,6204205642057395456,,0.4115,224.5963435400273,-33.73758505045732,5.63078099651823,1.0529745,15.831734,17.674282,14.540738,3.133544,1.8425484,1.2909956,VARIABLE
70,69,272398365,6207552413714047488,,0.4841,229.76277710745626,-32.24828442396047,6.3198369418208085,1.33542,15.363606,17.148113,14.098802,3.0493116,1.7845068,1.2648048,VARIABLE
71,70,440686535,64933037865353600,211013604,0.4627,57.11090286985593,23.191425826364775,11.078582774362635,1.0804164,15.621692,17.689926,14.278632,3.411294,2.0682344,1.3430595,NOT_AVAILABLE
72,71,440690770,64933621980897536,211016654,0.2671,57.17084540801888,23.23797186912308,8.51124405941673,1.1162689,16.0748,17.920803,14.782973,3.1378298,1.8460026,1.2918272,NOT_AVAILABLE
73,72,67768181,65232757863112192,211047687,0.3049,55.91274812352996,23.73464542725762,7.388158879058593,1.1453283,16.385273,18.250391,15.0841675,3.1662235,1.865118,1.3011055,NOT_AVAILABLE
74,73,14334105,65910602485240576,211057712,0.2775,60.93270298620657,23.89626883989614,,,16.707605,18.331327,15.095377,3.2359505,1.6237221,1.6122284,NOT_AVAILABLE
75,74,353927317,68183331674900864,211070495,0.606,55.10681451622317,24.09987966023466,7.743583699122783,1.0323466,16.861164,18.651493,15.586341,3.0651522,1.790329,1.2748232,NOT_AVAILABLE
76,75,165184400,5046815924054174848,,,47.706399667060566,-36.279832749391744,23.109587076170516,1.2434089,13.713512,15.469095,12.4497595,3.0193357,1.7555828,1.2637529,NOT_AVAILABLE
77,76,,5239392538122310400,,,162.83359045155973,-65.94117125197911,6.982555626728238,1.0847491,15.594744,17.449202,14.297811,3.151391,1.8544579,1.2969332,NOT_AVAILABLE
78,77,370829038,5247506723457135104,,,144.92938473672734,-66.23224998638558,7.273270211058286,1.0942875,14.7069235,16.21284,13.49489,2.717949,1.5059156,1.2120333,NOT_AVAILABLE
79,78,,5319023224634030464,,,124.06750527726628,-55.36737596350742,8.164297898876946,2.1289864,14.470575,16.117382,13.220202,2.8971796,1.6468067,1.2503729,NOT_AVAILABLE
80,79,92740519,5321261452356605440,,,129.032429288737,-52.4294022745223,6.07848235325055,2.5197349,14.055521,15.575141,12.841442,2.7336988,1.51962,1.2140789,VARIABLE
81,80,353730181,144329975098261504,,0.562916667,67.87683647271537,20.593849626705556,9.354081031003599,1.2325462,13.916497,15.458531,12.7057085,2.7528229,1.5420341,1.2107887,NOT_AVAILABLE
82,81,368129164,1450067137649786752,,0.268333333,202.94302916298565,29.276190837297328,,,10.627713,12.256003,9.362205,2.8937988,1.6282902,1.2655087,NOT_AVAILABLE
83,82,267953787,149327461604161408,,0.7275,66.76645496462034,24.11209074946608,7.639210907445051,1.1986783,14.921,17.140318,13.546085,3.5942326,2.2193184,1.3749142,VARIABLE
84,83,59836633,154779286930692352,,0.623333333,71.8377849773697,28.147817141645962,16.134004125700898,1.2110713,12.644146,14.15005,11.4406395,2.7094107,1.5059042,1.2035065,NOT_AVAILABLE
85,84,2234692,181104928193233408,,0.271666667,79.62957272359581,33.14641569257099,18.587025503443044,1.1950183,14.122839,15.865117,12.864289,3.0008278,1.7422781,1.2585497,NOT_AVAILABLE
86,85,332517282,2330466915715754112,,0.402916667,350.8786212298965,-28.12115970396417,25.6358034397611,1.0516585,14.699331,16.657602,13.38887,3.268732,1.958271,1.310461,NOT_AVAILABLE
87,86,146539195,2962794236080240128,,0.280416667,77.113896193288,-21.02904956290413,20.70270601496513,2.8634322,13.068054,15.101592,11.732055,3.3695374,2.0335379,1.3359995,NOT_AVAILABLE
88,87,264599508,3156962079670742528,,0.329166667,109.49814799464788,11.301139960524598,12.516796340714679,1.8905505,14.240616,15.977469,12.968042,3.009427,1.7368536,1.2725735,NOT_AVAILABLE
89,88,50745567,3216729878197029120,,0.264166667,82.99117296974393,-3.0604522139874586,26.30171320446553,3.949377,12.701064,14.598536,11.381378,3.2171574,1.8974714,1.3196859,NOT_AVAILABLE
90,89,38539720,3244410500033689728,,0.381666667,56.10630624938864,-6.246585384063247,7.703377947658871,1.2014842,15.966258,18.001308,14.633532,3.3677769,2.0350504,1.3327265,NOT_AVAILABLE
91,90,311092148,3274291270411229056,,0.3275,54.17069902375673,3.488224272872074,37.34628219528339,1.5025313,12.394966,14.152282,11.12029,3.031992,1.7573156,1.2746763,NOT_AVAILABLE
92,91,68812630,3408524670748967808,,0.376666667,74.59452151408226,19.613860669340962,8.052757039858287,1.6258864,15.0028515,16.916534,13.695029,3.2215052,1.9136829,1.3078222,VARIABLE
93,92,118449916,3410376454489356416,,0.512916667,68.65273069445354,18.607015977784013,10.277443568293208,25.181986,14.052361,15.723891,12.63493,3.0889616,1.6715307,1.4174309,NOT_AVAILABLE
94,93,142173958,3465944500845668224,,0.49,180.1142822387767,-34.093755525560375,14.13216472070967,2.8956769,12.82267,14.626903,11.53716,3.0897427,1.8042326,1.2855101,NOT_AVAILABLE
95,94,193831684,4042180300005971200,,1.2925,270.7721160197694,-34.209127014834124,19.33899092185495,1.1563021,14.455662,16.355673,13.123086,3.2325869,1.9000111,1.3325758,NOT_AVAILABLE
96,95,38820496,4703815338965472768,,0.655416667,7.196309731582595,-67.86263446043712,22.66799174107081,1.0783511,14.736425,16.77621,13.40791,3.3683004,2.0397854,1.328515,NOT_AVAILABLE
97,96,201898222,4741424237273655040,,0.445833333,40.509317213389934,-53.98746750094747,23.687332109365578,1.290258,14.084928,15.993716,12.782558,3.2111578,1.9087887,1.3023691,NOT_AVAILABLE
98,97,201789285,4742436853122727040,,0.151666667,33.88942703801492,-56.45492893214697,21.98467393401815,1.1921947,15.601557,18.021137,14.195671,3.8254662,2.4195805,1.4058857,NOT_AVAILABLE
99,98,144486786,4809722429257648768,,0.284166667,84.14765255807289,-36.91416050941648,12.8972912142297,15.045648,14.708973,16.432957,13.381792,3.0511646,1.7239838,1.3271809,NOT_AVAILABLE
100,99,425937691,4900780511935295872,,0.200833333,5.366400142986364,-63.852518727949786,23.179935480394814,2.8563879,14.733041,17.099085,13.331531,3.7675543,2.366044,1.4015102,NOT_AVAILABLE
101,100,425933644,4905813212878537216,,0.48625,3.69944110272121,-60.06352754343637,23.11720994589449,10.291623,12.690224,14.284198,11.460768,2.82343,1.5939741,1.229456,NOT_AVAILABLE
102,101,206544316,4909009394396454144,,0.322083333,18.4188709705957,-59.65974582279865,23.336040728150092,1.2622318,12.941366,14.593928,11.703972,2.8899565,1.6525621,1.2373943,NOT_AVAILABLE
103,102,178155030,5050451154310013056,,0.48625,42.74889614403835,-34.15153249433204,21.334865784158417,1.2897246,13.48556,15.150519,12.238916,2.911603,1.664959,1.246644,NOT_AVAILABLE
104,103,141306513,5179619856194590080,,0.556666667,45.10808153451029,-7.7820609079152145,19.877745694471443,1.0804592,15.095931,17.16164,13.757516,3.4041243,2.065709,1.3384151,NOT_AVAILABLE
105,104,397791443,5239135492911437568,,0.289583333,159.53776967358718,-66.54566416402635,6.594065907030961,1.0644103,16.381668,18.199886,15.09535,3.104536,1.8182182,1.2863178,VARIABLE
106,105,177309964,5260885172922381824,,0.453333333,103.45258022679688,-75.70381515561311,10.964727306278862,1.1522657,14.440897,16.123562,13.183609,2.9399529,1.6826649,1.257288,NOT_AVAILABLE
107,106,300651846,5275157967723751936,,0.344166667,114.36670927894826,-66.75737858668742,9.134794643047213,1.1643269,14.79277,16.419214,13.556734,2.8624802,1.6264439,1.2360363,NOT_AVAILABLE
108,107,264767454,5295268619511701760,,0.417083333,117.30223036413739,-57.792990891449115,8.081690355990483,12.296078,14.36823,15.730581,12.8018055,2.9287758,1.3623514,1.5664244,NOT_AVAILABLE
109,108,89463560,5314298588812179328,,0.392916667,127.0786625797922,-59.5983292660159,8.046018125639748,1.3066657,14.7874155,16.502914,13.531865,2.9710493,1.7154989,1.2555504,NOT_AVAILABLE
110,109,94088626,5368673630700201984,,0.275,176.5956063497127,-52.64772630838045,17.324541606520086,1.1203005,14.244745,16.032076,12.966011,3.0660648,1.7873306,1.2787342,NOT_AVAILABLE
111,110,294328887,5485498390406148736,,0.354583333,108.97847939940308,-59.34149920022226,10.270515981802486,1.0520473,15.641929,17.559862,14.337566,3.2222958,1.9179335,1.3043623,NOT_AVAILABLE
112,111,363963079,5506029021277336576,,0.325833333,110.4800379009299,-49.63464554320851,12.008617641559034,8.002313,14.314686,16.092207,13.0033,3.0889072,1.7775211,1.3113861,NOT_AVAILABLE
113,112,402980664,565706429072383232,,0.773333333,16.73334799010598,80.4594551063459,46.93058593627975,1.4839835,12.470033,14.238649,11.19689,3.0417595,1.7686167,1.2731428,NOT_AVAILABLE
114,113,359892714,5841324542416019712,,0.472083333,185.70196142721792,-74.17238182863366,10.448442222448275,1.0686809,16.155468,18.74608,14.7045765,4.041504,2.5906124,1.4508915,NOT_AVAILABLE
115,114,335598085,5857065971210881408,,0.660416667,194.89842630520755,-68.13371278971537,9.454030214071125,2.794259,13.063832,14.679148,11.827574,2.851574,1.6153154,1.2362585,NOT_AVAILABLE
116,115,442571495,6016421494262600960,,0.399583333,236.9029032192883,-31.445192282657384,12.344973637167179,1.6404629,14.099011,15.852444,12.825595,3.0268488,1.7534323,1.2734165,NOT_AVAILABLE
117,116,67897871,6041816502013814400,202724025,0.259583333,242.23725498710687,-28.599395765096908,6.719633870308402,2.5531833,13.750705,15.488043,12.475819,3.0122242,1.7373381,1.2748861,VARIABLE
118,117,405754448,6056695059045701120,,0.538333333,192.13101446849606,-59.74710537476609,10.76852726284382,6.814385,10.468726,11.31101,9.559676,1.7513342,0.8422842,0.90905,NOT_AVAILABLE
119,118,405910546,6061362107917642240,,1.582916667,192.75256372115962,-56.722430581345485,8.90657038236648,1.0902463,13.241746,14.485551,12.13067,2.3548813,1.2438049,1.1110764,NOT_AVAILABLE
120,119,404144841,6081328723666902912,,0.4475,195.14446945711046,-51.21821299575643,12.937001039383508,1.1102711,14.72314,16.61139,13.424313,3.1870766,1.8882494,1.2988272,NOT_AVAILABLE
121,120,312410638,6090854651891034496,,1.169166667,210.44269311981893,-50.26030249891458,7.280436101485646,1.0939429,15.681707,17.50867,14.388595,3.1200762,1.8269634,1.2931128,VARIABLE
122,121,167664935,6104139604209342464,,0.585416667,216.37105591664016,-41.225852027386146,15.96694468567398,5.0510154,11.39017,12.754887,10.234334,2.5205526,1.3647165,1.1558361,NOT_AVAILABLE
123,122,89026133,6205993722841260032,,0.466666667,230.64356355541406,-35.070729868887334,7.570994736930979,4.004869,13.459309,15.047826,12.228165,2.8196611,1.5885172,1.231144,VARIABLE
124,123,272248916,6207141200664109184,,0.370833333,229.49273789339068,-33.57866921354107,12.402713677021127,5.4981127,13.447623,15.035571,12.208103,2.827468,1.5879478,1.2395201,NOT_AVAILABLE
125,124,440725886,63661521387693824,,0.163333333,58.24225480179571,21.424001124250438,7.375073715479337,1.0631554,16.022692,17.730389,14.765992,2.9643965,1.7076969,1.2566996,VARIABLE
126,125,234295610,6485423779719878016,,0.762083333,357.9839780104436,-64.79319622419814,20.781821688375363,1.1314299,13.857368,15.625534,12.587591,3.037943,1.7681656,1.2697773,NOT_AVAILABLE
127,126,224283342,6534521406305916928,,0.8875,356.35759611328245,-40.337832613794546,26.302980157265605,1.2655724,13.637721,15.405204,12.369218,3.035986,1.7674828,1.2685032,NOT_AVAILABLE
128,127,289840926,6801191424589717888,,0.2,317.62939346252875,-27.181317661676555,24.836685279374795,1.1558069,14.848869,17.20606,13.45604,3.75002,2.357191,1.392829,NOT_AVAILABLE
129,128,141146667,860453786736413568,,0.16375,166.3122319891457,59.251689363759255,17.32473943539815,1.2261695,14.701484,16.6638,13.388086,3.275713,1.9623156,1.3133974,NOT_AVAILABLE
130,130,68045555,6049821633855485440,203849738,0.619,242.47029258143638,-24.698324548249317,7.159876096533086,1.0867276,15.449731,17.555067,14.091938,3.463129,2.1053362,1.3577929,VARIABLE
131,131,68131578,6049554108931809152,203692610,1.821,242.63170714911683,-25.26726684500043,6.340576302489331,1.0856313,15.775283,17.643301,14.483583,3.1597176,1.8680182,1.2916994,VARIABLE
132,132,49165224,6249001841715440512,205374937,0.6345,242.8255133304144,-17.95809162613255,7.203407012494224,5.568927,13.670034,15.459,12.371668,3.0873318,1.7889652,1.2983665,VARIABLE
133,133,391993423,6039044255241799808,202873945,0.6258,245.41629176731092,-28.05198170812338,6.043001264922795,0.980086,16.199408,18.572485,14.796828,3.7756567,2.3730774,1.4025793,VARIABLE
134,134,203444707,6051728977289000064,204296148,0.5314,246.21582939465287,-22.89534808540088,7.0762377174033615,1.1411753,16.280096,19.108692,14.8128,4.295892,2.828596,1.4672956,VARIABLE
135,135,175597010,6049165500286247040,203962559,1.5402,246.7103491547624,-24.231301760775256,7.359346730642398,1.053265,16.378187,18.995491,14.947551,4.0479403,2.6173038,1.4306364,VARIABLE
136,136,175861088,6049107020011536000,203927435,0.482,247.17937338673056,-24.38127673189421,7.1991180914904565,1.0808173,16.039587,18.834919,14.577096,4.257823,2.795332,1.462491,VARIABLE
137,137,49040989,6245669050173377280,205024957,1.6656,242.5458049597998,-19.767863998277722,7.202067409861163,1.0275234,15.798522,17.843996,14.460636,3.38336,2.045474,1.3378859,NOT_AVAILABLE
138,139,49585759,6050333112920811776,204143627,1.125,243.99687779344228,-23.493537942986205,7.264488205855166,1.0379974,15.62977,17.555454,14.32167,3.2337847,1.925684,1.3081007,VARIABLE
139,140,413551134,4324709330348851968,205483258,5.667,245.8522024635021,-17.290986891196344,7.707113721573835,1.2412971,13.420155,14.77679,12.258486,2.5183039,1.3566351,1.1616688,VARIABLE
140,141,220604303,6246938127111232640,204882444,0.3829,238.7713092430406,-20.435605955142698,6.92882559076139,1.1742331,13.820317,15.302051,12.634869,2.667182,1.4817333,1.1854486,VARIABLE
141,142,280160269,6246710012810366976,204787516,0.4868,239.34957887149986,-20.862704879933506,7.128630167547866,1.2546695,13.727021,15.166698,12.546581,2.6201172,1.4396772,1.18044,VARIABLE
142,143,12776845,6237180545533200640,204270520,0.5123,240.10958110879838,-22.994903552031506,6.666772653103905,1.0822598,15.981721,18.33661,14.582435,3.7541761,2.3548899,1.3992863,VARIABLE
143,144,49035618,6243897874380625792,204783273,1.1105,242.40444325440632,-20.881472639024324,6.533526866988413,1.0272063,16.506779,18.728445,15.138281,3.5901642,2.2216663,1.3684978,VARIABLE
144,145,68167990,6049537169580902272,203645396,0.6287,242.92751822677002,-25.43099434552561,7.389934073070521,1.1087902,16.400862,19.236633,14.913809,4.3228245,2.8357716,1.4870529,VARIABLE
145,146,49691316,6050308923664895360,204082531,0.6513,244.08374425426237,-23.73738637253076,7.847067560408295,7.226246,14.406842,16.251528,13.065683,3.1858444,1.8446856,1.3411589,VARIABLE
146,147,202876323,6051788728874166528,204321142,0.4763,245.64700703333395,-22.795507966233462,6.95710823476848,1.0258521,15.649003,17.938261,14.2619295,3.6763315,2.289258,1.3870735,VARIABLE
147,148,175744495,6050656781651004160,203956650,0.6752,247.13567662991218,-24.256864794383922,,,18.11368,20.986622,16.03605,4.950571,2.872942,2.077629,VARIABLE
148,149,205106701,6044015868868398976,202687442,0.5727,248.74432473581578,-28.73625230072117,6.613777317338481,1.045572,15.813842,17.768208,14.492684,3.2755232,1.9543657,1.3211575,VARIABLE
149,150,73217080,4130947859386102016,204884822,0.7983,248.776055941896,-20.424618787059,7.591576367056035,1.1512434,13.783078,15.516766,12.518915,2.9978504,1.7336874,1.264163,VARIABLE
150,151,289840928,6801191355870240768,,0.199166667,317.63151046646635,-27.183117804795064,24.761013817973428,1.332857,13.57752,15.535789,12.259576,3.2762127,1.9582682,1.3179445,NOT_AVAILABLE
151,152,92574021,5372980314662466560,,0.7844,173.2050042332593,-49.81877806732154,8.656695579072696,1.1264213,15.959076,18.002823,14.615809,3.3870134,2.043747,1.3432665,NOT_AVAILABLE
152,153,452345586,5336466353837764736,,3.0568,174.24403717739108,-58.37703796083334,7.480370691253243,1.9060804,13.99094,15.253658,12.659839,2.5938196,1.2627182,1.3311014,NOT_AVAILABLE
153,154,379774242,6053207201993945728,,0.9854,181.2674129042575,-64.78935043565933,9.132158635751642,0.87038213,16.601015,18.854477,15.214265,3.640212,2.2534618,1.3867502,NOT_AVAILABLE
154,155,310412874,6053682637686389248,,0.4564,185.20272454615164,-64.15115640443473,9.158847346212658,3.8819163,14.181199,15.9580965,12.846295,3.1118011,1.7768974,1.3349037,NOT_AVAILABLE
155,156,311447879,5861225840401537152,,0.487,185.58421312004015,-65.16400159231225,9.16694759285294,1.0717487,15.879716,18.019854,14.534896,3.4849577,2.1401377,1.34482,VARIABLE
156,157,311333943,6053714557884987008,,0.9197,185.69676297751266,-63.63260585886171,8.629608519397522,1.2587382,15.25692,17.483286,13.880004,3.603282,2.226366,1.3769159,NOT_AVAILABLE
157,158,450386147,5861250373258628224,,1.625,186.10010390503908,-64.89549963842578,9.52289926742721,1.0946163,14.633442,16.389973,13.366792,3.023181,1.7565308,1.2666502,NOT_AVAILABLE
158,159,272407484,6074516458849906560,,0.4707,187.78517979327583,-54.94571457004056,9.55479876363725,3.1347854,15.035674,17.082556,13.618104,3.4644518,2.0468817,1.4175701,NOT_AVAILABLE
159,160,412182239,6059728989586223232,,1.2804,190.63176712288686,-59.086849710811194,9.329496163272097,1.0101262,17.323078,19.82268,15.891902,3.9307775,2.4996014,1.4311762,VARIABLE
160,161,165912675,6079851151837148928,,0.2273,192.64150828226556,-48.44898055604124,7.950907266212418,1.1730313,16.13209,18.35557,14.752961,3.6026087,2.2234802,1.3791285,VARIABLE
161,162,412376751,6056707218046937728,,0.9418,192.8728188667112,-59.40602953006847,9.068022940448628,1.055816,14.391002,15.879631,13.187989,2.6916418,1.4886293,1.2030125,NOT_AVAILABLE
162,163,412376096,6056702824347469568,,0.7504,192.90699750530294,-59.49576078365847,7.447371533313145,1.3402742,15.338204,17.295109,14.009952,3.2851572,1.9569044,1.3282528,VARIABLE
163,164,258583707,6086566762700232960,,0.3142,196.87750925612298,-45.822108272814845,8.669694228876672,1.1410929,15.265956,17.368568,13.917326,3.4512424,2.1026125,1.34863,NOT_AVAILABLE
164,165,438709950,6083662127885920512,,1.0214,201.103128364981,-47.95838714761823,8.634762575704478,1.3716161,14.929116,16.541536,13.103293,3.438243,1.6124201,1.8258228,NOT_AVAILABLE
165,166,241375625,6069546666301995136,,0.5183,204.71689545595902,-51.08523984784308,7.313639440408757,1.7910372,14.327919,15.917971,13.101962,2.8160086,1.5900517,1.2259569,VARIABLE
166,167,179368022,6117335633532511488,,0.1933,211.87428104797795,-38.90747569970084,8.98147457077531,1.2125996,14.790104,16.644053,13.499293,3.1447592,1.8539486,1.2908106,NOT_AVAILABLE
167,168,241841997,6104539001808460928,,0.1545,216.9932880992619,-39.39127176917089,6.866678851872816,2.4352436,13.863144,15.451052,12.631227,2.8198252,1.5879078,1.2319174,VARIABLE
168,169,334325329,5906896357885973760,,1.3106,225.13089111010814,-46.35873788831596,7.09238371947472,0.9596639,14.998063,16.521843,13.789513,2.7323303,1.5237799,1.2085505,NOT_AVAILABLE
169,170,334838280,5907453810283014656,,1.3868,225.6429572172302,-44.32591584825016,6.795644856824874,1.0483643,15.826832,17.557339,14.551793,3.0055456,1.7305069,1.2750387,NOT_AVAILABLE
170,171,366178112,5907570633391708800,,0.3646,226.66231778261007,-43.95798772056571,6.662135617778588,1.378151,14.456995,16.144178,13.209404,2.9347744,1.6871834,1.247591,VARIABLE
171,172,160539036,5907508197444116096,,0.6462,226.99090933951248,-44.08294358894877,7.23660453066342,1.2653207,14.354057,15.7824,13.166646,2.6157541,1.4283428,1.1874113,NOT_AVAILABLE
172,173,140765939,6003464844942163584,,0.8952,228.41623444187616,-43.672453453569275,6.690295762235624,1.0695034,16.53868,18.489168,15.222368,3.2668,1.950489,1.3163109,NOT_AVAILABLE
173,174,76698847,6207532832961460608,,0.7473,229.06875663452584,-32.38598746371606,7.494421138025118,1.0416056,15.619695,17.40096,14.348784,3.0521765,1.7812662,1.2709103,NOT_AVAILABLE
174,175,173267960,6002137188957931008,,0.6336,234.4932575153021,-40.63477991311172,5.358885327519643,1.1620501,14.705201,16.409454,13.450553,2.9589014,1.7042532,1.2546482,VARIABLE
175,176,179357494,5995830115391559424,,0.4067,236.80480904840886,-41.247499345050535,5.979240988245745,1.4512357,15.218472,16.998846,13.941934,3.0569124,1.7803745,1.2765379,NOT_AVAILABLE
176,177,442575691,6016521378023539456,,0.4291,237.01225846109992,-30.908823553037642,6.794251440126313,1.9231352,13.933563,15.434703,12.731444,2.7032585,1.5011396,1.2021189,VARIABLE
177,178,84187344,5969054327225266688,,3.9769,249.72812636942555,-40.92217062569762,5.765522139660012,1.0158567,16.782509,18.824615,15.443,3.3816156,2.0421066,1.339509,NOT_AVAILABLE
178,179,85125492,5969505470595968000,,0.7574,250.13995149015355,-39.12281197153585,5.676964998167927,1.0436037,13.90695,15.028757,12.852409,2.1763477,1.1218071,1.0545406,NOT_AVAILABLE
179,180,85356121,6019068396739406848,,1.4422,250.318950582982,-38.38966848446181,5.9802051912129075,1.0282699,15.724331,17.422281,14.474724,2.9475574,1.6979504,1.2496071,NOT_AVAILABLE
180,181,97239026,6027177088840456448,,0.2633,251.82278853770146,-32.759947538644106,7.165727320935525,1.0059465,15.157228,16.990273,13.8670845,3.123188,1.833044,1.290144,VARIABLE
181,182,337243787,5971281937775791360,,0.6297,252.71233695760333,-38.20735676883068,5.793080157818992,1.2732983,14.607178,16.230444,13.341021,2.8894234,1.6232662,1.2661572,VARIABLE
182,183,65347864,5070527824315406976,,0.32008,39.824036022852596,-26.822078039648893,25.491622866446562,8.574283,12.772404,14.533078,11.491804,3.041274,1.7606745,1.2805996,NOT_AVAILABLE
183,184,15756231,51886335968692480,210818897,,61.33165479112041,20.157029557698824,9.257706336697265,1.0351886,10.080556,10.5562525,9.437981,1.1182718,0.47569656,0.64257526,NOT_AVAILABLE
184,185,16005843,48841131139979904,210783336,,63.21094906131941,19.615970775428114,8.187135972789685,1.1639831,12.197536,12.958516,11.325983,1.6325331,0.76097965,0.8715534,NOT_AVAILABLE
185,186,456946694,145034968209407232,247454835,2.7733,67.82024622154509,21.840279556121672,8.02316948286061,1.0246074,10.540813,10.96919,9.943888,1.0253019,0.4283762,0.59692574,VARIABLE
186,187,353752577,3314312226648610560,210690598,3.5045,67.90063626619491,18.228580153895173,7.134000589360542,2.356621,17.832438,18.742054,16.022776,2.7192783,0.9096165,1.8096619,NOT_AVAILABLE
187,188,268397898,147801339463632000,247791556,1.0261,68.25824924915565,24.349928909600763,7.744170740793433,1.3532351,15.126443,18.059252,13.638595,4.420657,2.9328089,1.4878483,VARIABLE
188,189,61259674,3314244361868724224,247031423,3.0978,68.38775985323895,18.016635154811393,6.330149652339072,1.8510418,6.8871655,6.9494996,6.692112,0.25738764,0.06233406,0.19505358,NOT_AVAILABLE
189,190,118521714,145213192171160064,247591948,1.1976,68.97296810585208,22.902418027866208,6.27397189487975,2.433002,13.320693,14.858453,12.114979,2.743474,1.5377598,1.2057142,VARIABLE
190,191,118521713,145213192171159552,247592103,1.1978,68.9757045407027,22.903678923387613,5.9786209725822586,3.8518095,10.513992,11.43407,9.564004,1.8700657,0.9200773,0.94998837,VARIABLE
191,192,245792696,3312903580454386048,210554781,11.4675,67.2121827541165,16.288888155250948,,,10.222868,10.931052,9.273071,1.6579809,0.70818424,0.9497967,NOT_AVAILABLE
192,193,268510346,147940663906992512,247888948,1.4853,68.66340786629051,25.016899426525253,11.749232981455727,1.2360127,9.966824,10.474006,9.296576,1.1774302,0.5071821,0.67024803,NOT_AVAILABLE
193,194,245869001,3313384651152556416,246932950,2.6815,68.89699223644354,17.0732384027498,4.28344492262528,0.96360785,9.412039,9.833224,8.809308,1.0239162,0.4211855,0.60273075,NOT_AVAILABLE
194,195,60005364,147182172683187712,247857331,7.4762,72.3045228763072,24.802604923231087,20.291647378627516,1.5002359,9.234275,9.807196,8.512114,1.2950821,0.5729208,0.7221613,NOT_AVAILABLE
195,196,,3308598064718584448,246650193,2.9245,72.42622008985389,13.91970537508998,7.803534213210503,3.384263,13.809533,15.346443,12.588198,2.7582455,1.53691,1.2213354,VARIABLE
