time,flux,flux_err
1657.724874447006,0.004737900095471363,nan
1657.745707865987,0.003342926999834895,nan
1657.766541284968,0.0036424164306228177,nan
1657.7873747034835,0.003985697777731785,nan
1657.808208121532,0.0044645193619080314,nan
1657.829041539117,0.004298247851344271,nan
1657.8498749567016,0.0027497860477464116,nan
1657.870708373819,0.0023039237561512625,nan
1657.8915417904716,0.0032711441263296864,nan
1657.912375206658,0.002819891594191406,nan
1657.9332086223799,0.003265809831085823,nan
1657.9540420381015,0.00300834726743281,nan
1657.974875453357,-0.00023125651035109038,nan
1657.9957088681465,0.0016436120239938339,nan
1658.0165422824705,0.0021307857157832726,nan
1658.037375696796,0.0012699797747836965,nan
1658.0582091106544,0.0015771813960493916,nan
1658.0790425235814,-0.00014232442390185035,nan
1658.0998759365095,0.0006112376658174053,nan
1658.1207093494365,0.0009343312390614061,nan
1658.1415427614324,-0.00046193263373763005,nan
1658.1623761734286,0.00015980110876444645,nan
1658.1832095849586,-0.0009217173215783879,nan
1658.2040429960234,0.0005987366334137614,nan
1658.2248764066226,-0.0017883940806375821,nan
1658.245709816756,-0.0005374915337634754,nan
1658.2665432268896,-0.00012916658175372506,nan
1658.287376636091,-0.002107735641824853,nan
1658.3082100452934,-0.0019616474522410055,nan
1658.3290434540295,-0.001600081630445116,nan
1658.3498768623003,-0.0018308868099268308,nan
1658.370710270572,-0.0018738089725632776,nan
1658.3915436779116,-0.0025108992705175255,nan
1658.41237708525,-0.0019212040436709654,nan
1658.4332104921234,-0.0024521860633829155,nan
1658.4540438985318,-0.0012245955357997641,nan
1658.474877304475,-0.0003843186524100685,nan
1658.4957107099515,-0.0019571642183292895,nan
1658.5165441154281,-0.0013645441202702162,nan
1658.537377519973,-0.001289081396207939,nan
1658.5582109245183,-0.00138246336627431,nan
1658.5790443285996,-0.00020253029014847754,nan
1658.599877732213,-0.0002810907521198884,nan
1658.620711135361,-0.0011497632431922353,nan
1658.641544538044,-0.0015318365772379466,nan
1658.6623779402616,-1.4671517773335446e-05,nan
1658.683211342479,-0.0004335568046484918,nan
1658.7040447437644,-0.001954383015876915,nan
1658.7248781450494,-0.00035438382656518067,nan
1658.74571154587,-0.0020130821580143787,nan
1658.7665449462245,-0.002155487029337065,nan
1658.7873783461132,-0.000225430962060999,nan
1658.8082117455365,9.313746794984215e-05,nan
1658.8290451449595,-0.0018378078491897154,nan
1658.8498785434515,-0.00521746583527468,nan
1658.8707119419435,-0.004252579394731372,nan
1658.8915453399695,-0.0018792520663810236,nan
1658.912378737065,0.0007764009657802301,nan
1658.9332121341595,-6.993783844546492e-05,nan
1658.9540455307883,-0.0017352901812722546,nan
1658.9748789269515,0.0016322404461162204,nan
1658.9957123231156,0.0001900999772890058,nan
1659.0165457183484,-0.00012034797440321071,nan
1659.0373791131144,0.0007709796852364975,nan
1659.058212507881,0.0016821393517456804,nan
1659.0790459017155,0.00035853251055057225,nan
1659.0998792955506,0.0005590040494238609,nan
1659.1207126889208,-0.00025034453359486404,nan
1659.1415460818255,0.0005096068724019034,nan
1659.162379474263,0.0007119474577988588,nan
1659.1832128662359,-0.00017005661127428816,nan
1659.2040462577424,-0.0006544894159788602,nan
1659.2248796487838,-0.0010079505390448648,nan
1659.2457130398254,0.0010193480066953645,nan
1659.266546429935,0.0006676369695970373,nan
1659.287379820045,0.0012810871319678084,nan
1659.3082132092236,0.0009229425231609117,nan
1659.3290465984014,0.0007310832200225301,nan
1659.349879987115,-0.0005413038618002422,nan
1659.370713374897,-9.910717985876956e-05,nan
1659.3915467626784,0.00130035488040685,nan
1659.412380149994,0.000785947048310115,nan
1659.433213536844,-0.001254231996102119,nan
1659.4540469232295,-0.0014501868404911168,nan
1659.4748803096145,-0.0016142285780844628,nan
1659.4957136950675,-0.000903621983691514,nan
1659.5165470800546,-0.001788722435698496,nan
1659.537380464576,-0.0007245922365974166,nan
1659.5582138490986,-0.002221874478766284,nan
1659.5790472326894,-0.001093941115130368,nan
1659.59988061628,-0.0008946336811865106,nan
1659.6207139994044,-0.0013065930232670445,nan
1659.641547381598,-0.0015622497969556542,nan
1659.662380763792,-0.0007896323988260037,nan
1659.6832141455195,-6.38626735459287e-05,nan
1659.7040475267825,-0.0019213356057160777,nan
1659.72488090758,-0.0007878448767151651,nan
1659.7457142879105,-0.0013467028241150591,nan
1659.766547667776,-0.0003692175407186849,nan
1659.7873810471751,-0.0014112309238259162,nan
1659.8082144261089,0.0007059618333559482,nan
1659.829047804579,-0.0006835829860480976,nan
1659.8498811825816,-0.0003775345839058669,nan
1659.870714560118,0.0001604026642003046,nan
1659.8915479376544,0.00017820400110622227,nan
1659.9123813142596,-0.0007603156415962788,nan
1659.9332146908664,-0.0016944382281047915,nan
1659.9540480665414,-0.0018907379871184876,nan
1659.974881442215,6.785671794205632e-05,nan
1659.9957148169585,-0.0012641705161864879,nan
1660.0165481917015,-0.000423776621686355,nan
1660.0373815655125,-0.0004917622950018994,nan
1660.058214939325,-0.0016903972244607865,nan
1660.079048312671,-0.001295441339047459,nan
1660.099881685086,0.0004908275625811606,nan
1660.1207150575005,-0.0009753711444066039,nan
1660.141548429449,-0.003999505925207059,nan
1660.1623818009325,-0.0045349655206161224,nan
1660.1832151719505,-0.001656462307933644,nan
1660.2040485425036,-0.0006051582947103947,nan
1660.2248819125896,0.0011891471490805975,nan
1660.24571528221,0.0006478962912312104,nan
1660.2665486513656,0.002350064073711064,nan
1660.2873820200546,0.0017832431716682503,nan
1660.3082153882785,0.0007322238700306453,nan
1660.3290487560375,0.0013012161330883355,nan
1660.3498821233295,0.0007349122191444221,nan
1660.3707154901565,0.0008551984337838462,nan
1660.3915488565176,0.002389388585203199,nan
1660.412382222878,0.0016463173969591379,nan
1660.433215588308,0.0012262797343213913,nan
1660.4540489532724,9.387889937682165e-06,nan
1660.4748823177715,0.0012117404814271275,nan
1660.4957156822695,0.00017300203370202143,nan
1660.5165490458367,0.0013322645738752725,nan
1660.5373824089384,0.0002754185126725966,nan
1660.55821577204,-0.00019220505248295633,nan
1660.579049134211,0.00054603952978057,nan
1660.5998824963806,0.0004714999670299659,nan
1660.620715857619,0.0001603456335116391,nan
1660.641549218858,0.0011523711164084247,nan
1660.6623825791655,0.00010919559194215965,nan
1660.683215939473,3.3761602671287215e-05,nan
1660.7040492988494,0.00041305281969477615,nan
1660.745716016671,-0.00029695706356765335,nan
1660.8290494471914,0.0006112083046546342,nan
1660.849882803308,-0.000291601237243996,nan
1660.8707161594245,-0.001191872512265454,nan
1660.891549515075,-0.0007826778591471075,nan
1660.912382869795,-0.0012545721441766995,nan
1660.9332162245146,0.00048050877825663724,nan
1660.954049578769,0.0007997656866787664,nan
1660.9748829320915,0.0009149514195620702,nan
1660.9957162854134,0.0004831739547688321,nan
1661.016549638271,0.0007565547753792387,nan
1661.0373829906616,-0.0006294945895609443,nan
1661.058216336999,0.0006340653968903024,nan
1661.0790496884601,-0.0015212048712746535,nan
1661.0998830394544,0.0017262173990773453,nan
1661.120716389983,0.001045128809629045,nan
1661.1415497395801,0.0007696463430353277,nan
1661.162383089177,0.002685475576400245,nan
1661.183216438309,0.0016910000550520508,nan
1661.2040497869755,-0.0007922721925898381,nan
1661.224883135176,-0.0005268096202465373,nan
1661.2457164824445,0.0010771744242467005,nan
1661.2665498297135,-0.001696708967855321,nan
1661.2873831765169,-0.00017803596074928872,nan
1661.3082165228545,0.00020023813640980982,nan
1661.329049868727,-0.0007108792857398625,nan
1661.3498832141345,0.0001791509890146977,nan
1661.3707165590745,0.000507400150359561,nan
1661.3915499030836,0.0011417087938710357,nan
1661.4123832470925,-0.0005051443230581669,nan
1661.433216590636,-0.00356639166883191,nan
1661.4540499337145,-0.004431372259171899,nan
1661.4748832763275,-0.0002916456023777962,nan
1661.4957166184745,0.00027068167341964995,nan
1661.5165499601555,0.0005878809408524726,nan
1661.5373833013705,0.00028709491400114896,nan
1661.558216641655,-0.0007652154964117204,nan
1661.5790499819386,0.0010858073781505827,nan
1661.5998833217568,0.0036109291608278165,nan
1661.620716661111,0.0022718234849864816,nan
1661.6415499999976,0.0013083718984367649,nan
1661.662383338419,0.0013739788596301514,nan
1661.6832166763745,0.0013150926469306262,nan
1661.704050013864,0.0015282642475745241,nan
1661.724883350889,0.0010906864721513462,nan
1661.745716687448,0.001120439501370451,nan
1661.766550023076,0.0007448617951231022,nan
1661.7873833587034,0.0015651062455009769,nan
1661.8082166938643,0.0017426233721335232,nan
1661.829050028561,-0.00041211203024132037,nan
1661.8498833627914,-0.0005970856071620648,nan
1661.870716696556,0.0008758447319823829,nan
1661.8915500298558,-5.670994472117938e-05,nan
1661.91238336269,0.0009759299358289872,nan
1661.9332166950576,-0.001776137152976412,nan
1661.9540500269595,0.00028218419308917507,nan
1661.9748833583953,-0.0006815251061906428,nan
1661.9957166893664,-0.0010406852752151245,nan
1662.0165500198714,-0.0015786685610094638,nan
1662.037383349446,-0.001996353709097694,nan
1662.0582166790205,-0.0016053488180227636,nan
1662.079050008128,-0.0006169708666060487,nan
1662.099883336771,-0.0020708584287714663,nan
1662.1207166649474,-0.0006544067722484056,nan
1662.141549992658,-0.0006801472870107145,nan
1662.162383319904,-0.0014779712325815623,nan
1662.1832166466845,-0.001926646117055314,nan
1662.204049972999,-0.0019591706601916684,nan
1662.2248832988475,-0.0014633176934751857,nan
1662.24571662423,-0.0018820657394007685,nan
1662.266549949148,0.0004856949754541394,nan
1662.2873832735986,-0.0008168972489663376,nan
1662.3082165975852,-0.0015972041567551623,nan
1662.3290499211055,-0.00014115137775646235,nan
1662.3498832436944,-0.002327625216307862,nan
1662.370716566284,0.000415213803553245,nan
1662.3915498884064,-0.0009572942602522954,nan
1662.412383210064,-0.00152468957880399,nan
1662.433216531256,-0.0010575961662730535,nan
1662.454049851983,-0.0009039634608363212,nan
1662.474883172244,-0.0005725948050888698,nan
1662.4957164920386,0.0013070900430341868,nan
1662.516549811368,0.000255054760446528,nan
1662.537383130232,-0.0005904703641798677,nan
1662.5582164486295,0.0012537317121201399,nan
1662.5790497665616,-0.001002872110494911,nan
1662.5998830840276,0.0007847372115564848,nan
1662.6207164010289,0.0006942813239828316,nan
1662.6415497175653,-0.0009029946270717,nan
1662.6623830336355,-0.0015116876495013028,nan
1662.683216349239,0.0009533254392542004,nan
1662.7040496643776,-0.00034315396017268844,nan
1662.7248829790494,-0.0022958384842581723,nan
1662.745716293257,-0.0034890008794737654,nan
1662.7665496069985,-0.0021971213850594537,nan
1662.7873829202745,-8.46845655539186e-05,nan
1662.808216233085,0.0006337291870532448,nan
1662.8290495454285,0.002557701775140902,nan
1662.849882857307,0.0018475391467264093,nan
1662.8707161687205,0.0014046288319262334,nan
1662.891549479667,0.0017272339791721582,nan
1662.9123827901499,0.002416883179974065,nan
1662.9332161001664,0.0016447395408690562,nan
1662.9540494097164,0.002128615910680769,nan
1662.974882718802,0.0012215818505016754,nan
1662.9957160278864,0.0008625868179870664,nan
1663.0165493360396,0.0011357614154690315,nan
1663.0373826437265,0.0010910817703452848,nan
1663.058215950949,0.00281208486525328,nan
1663.079049257707,0.0007421777974647957,nan
1663.0998825639974,0.0004495555130447377,nan
1663.120715869822,-9.088587590611041e-05,nan
1663.141549175647,0.0013274493296010909,nan
1663.1623824805406,0.000325908930402026,nan
1663.183215784969,0.0010278460385988591,nan
1663.2040490889315,0.0013459539502748766,nan
1663.2248823924278,0.0004953011153363759,nan
1663.2457156959265,0.001701101856304411,nan
1663.2665489984915,-0.0006642644196669847,nan
1663.287382300591,-0.0012919072103326663,nan
1663.3082156022244,0.0009197277464573148,nan
1663.329048903859,0.0006697587501833576,nan
1663.349882204562,0.000570588461580316,nan
1663.3707155047996,-3.1258681532017607e-06,nan
1663.391548805037,-0.001375635775672148,nan
1663.4123821043424,-0.000993866128982222,nan
1663.433215403183,-0.0002741285544013046,nan
1663.454048702023,-5.452987428269593e-05,nan
1663.4748819999315,-0.0007682132422795855,nan
1663.49571529784,-0.0007258585523359402,nan
1663.516548594818,7.439118630956504e-05,nan
1663.5373818917965,0.001389340125474899,nan
1663.558215187843,0.00025985723583280343,nan
1663.5790484838885,0.0002360281982869642,nan
1663.5998817790037,4.2876238119601146e-05,nan
1663.620715074119,0.0002495763210287223,nan
1663.6415483683024,0.0014831400042859821,nan
1663.6623816624856,0.0007163755948582234,nan
1663.683214956204,0.0004190258146387557,nan
1663.7040482489906,0.0009384943849046236,nan
1663.724881541778,4.68978295408741e-05,nan
1663.7457148340984,0.001856841426009925,nan
1663.7665481259535,0.0010707556614624244,nan
1663.787381416878,0.002341155192901838,nan
1663.8082147078014,0.0015996628013573502,nan
1663.8290479982595,0.0026004068464625073,nan
1663.849881288252,0.00017128216913322308,nan
1663.8707145777794,0.0003768441995745213,nan
1663.8915478668414,0.0029122955675422117,nan
1663.9123811554364,0.0018276358741329511,nan
1663.9332144435666,0.0006770686604947521,nan
1663.9540477312305,0.001329323600414805,nan
1663.974881018429,0.0028871935917937908,nan
1663.995714305162,0.0016770764328715177,nan
1664.01654759143,0.00017717248403322644,nan
1664.037380877232,-0.0019319135510407759,nan
1664.0582141625687,0.0013845365982718787,nan
1664.0790474479045,0.0017169993643823597,nan
1664.1207140162476,0.002579956613316399,nan
1664.183213865737,0.0023406570268172614,nan
1664.204047148279,0.002928889239119388,nan
1664.2248804298895,0.0025643501164983474,nan
1664.2457137115,0.001865025372096766,nan
1664.2665469926455,0.0007025848140837579,nan
1664.2873802728586,0.0018864745264129696,nan
1664.3082135530726,0.001563013621353677,nan
1664.329046832821,0.0017719907406429924,nan
1664.3498801121036,0.001336618937021139,nan
1664.370713390455,0.000787403341587431,nan
1664.3915466688059,0.000990755620737107,nan
1664.412379946691,0.0007059976475147813,nan
1664.4332132241116,0.0014469953231484659,nan
1664.4540465010655,0.0009126733036070121,nan
1664.4748797775535,-0.00042285184585014353,nan
1664.4957130540415,0.0012721299196519105,nan
1664.516546329599,5.855079656816309e-05,nan
1664.5582128793171,-0.0005080600777863827,nan
1664.5790461539425,-0.0004972322637296703,nan
1664.5998794276375,-0.0003627490120768958,nan
1664.6207127013315,-0.001830119029088511,nan
1664.6415459740945,-0.0004258773118306462,nan
1664.6623792468574,-0.0018168878847546095,nan
1664.6832125191554,-0.0011923759326392096,nan
1664.7040457905225,-0.0013628624319484296,nan
1664.7248790618885,-0.002168243940212866,nan
1664.745712332789,-0.0015649171302233398,nan
1664.7665456032234,-0.001208828109650839,nan
1664.787378873192,-0.0001454113519390489,nan
1664.808212142696,-0.0005787042989182783,nan
1664.8290454117334,0.0007956383212132621,nan
1664.8498786803066,-0.001256350923486825,nan
1664.870711948414,-0.0017304023139569878,nan
1664.8915452165206,-0.0012288890576795941,nan
1664.912378483695,0.00012558244471108822,nan
1664.9332117508704,-0.00012818246927365218,nan
1664.954045017114,-0.00017600798004556266,nan
1664.974878283358,-1.0759433106515004e-06,nan
1664.9957115486704,-0.0001385273671492427,nan
1665.0165448139824,0.0006904531806243511,nan
1665.03737807883,0.00018516402526271535,nan
1665.0582113432115,-0.0006407809397130163,nan
1665.0790446071273,0.00015200064623146353,nan
1665.0998778705775,0.00048758530652564386,nan
1665.120711133561,0.001459464296737687,nan
1665.14154439608,0.0004240741960132525,nan
1665.162377658133,-3.109506924040689e-05,nan
1665.18321091972,0.00038359051378356393,nan
1665.2040441813074,0.0009013184241517397,nan
1665.224877441964,-0.0017698722856728868,nan
1665.2457107026205,0.0005552315063650989,nan
1665.2665439623445,0.0008321634918804915,nan
1665.287377222069,-0.001100421585504864,nan
1665.3707102563105,0.0003181110931914314,nan
1665.3915435137073,0.00202379474603721,nan
1665.412376770639,0.0014580755219038843,nan
1665.4332100271035,0.0015558240448436816,nan
1665.4540432835684,0.0023666099124593203,nan
1665.4748765391014,0.0018290264189034528,nan
1665.4957097941701,0.0025705220258066923,nan
1665.516543049238,0.0037062868367194884,nan
1665.5373763038406,0.0029747011566935537,nan
1665.5582095575114,0.0012933724082778344,nan
1665.579042811183,0.0017595302282451177,nan
1665.599876064388,0.001849390266251888,nan
1665.6207093171279,0.0004543046265636022,nan
1665.641542569402,0.001034918717590665,nan
1665.66237582121,0.00023793770722453297,nan
1665.683209072553,0.0010035087498362818,nan
1665.7040423234305,-0.00037815833315956934,nan
1665.7248755743071,0.0009658840655152202,nan
1665.745708824253,0.0002559659892344898,nan
1665.766542074199,0.001511559204021561,nan
1665.787375323214,-0.00037744543676698425,nan
1665.8082085722285,9.938956261833568e-05,nan
1665.829041820311,0.001097664373948969,nan
1665.8498750683934,-0.0014459436327719424,nan
1665.8707083160111,-0.000370999105138276,nan
1665.891541563163,0.000716240249845874,nan
1665.912374809849,-0.0009047404391094365,nan
1665.9332080560698,-0.0014416880023168013,nan
1665.954041301826,-0.0017244910684092174,nan
1665.9748745471145,-0.0015099313979310656,nan
1665.995707791938,-0.0010865715449315753,nan
1666.0165410362956,-0.0018749168089640857,nan
1666.0373742801871,-1.9293518941587706e-05,nan
1666.0582075236139,-0.0007399609585620002,nan
1666.0790407670406,-0.0005625484289950994,nan
1666.099874009535,-0.0007256687296099424,nan
1666.120707251565,-0.0003665981909864169,nan
1666.1415404935951,-0.00048088929734333135,nan
1666.1623737346936,1.7095457866620443e-05,nan
1666.1832069757916,0.0006157726965647543,nan
1666.204040215958,-2.481814730713374e-05,nan
1666.22487345566,-0.0011851902572361664,nan
1666.2457066953605,0.0011789720286706435,nan
1666.26653993413,0.0008650268674868121,nan
1666.287373172435,-0.00044443977951977385,nan
1666.3082064107393,0.0002257261792845619,nan
1666.329039648113,0.0004998179295981195,nan
1666.3498728850195,0.0012924708934052799,nan
1666.370706121927,0.0015253259488691093,nan
1666.3915393579025,-3.2443922041330495e-05,nan
1666.4123725934123,0.0008388796025638329,nan
1666.4332058284576,0.0017385777205227862,nan
1666.454039063036,0.0010769420953814102,nan
1666.4748722966842,0.0010143452434067854,nan
1666.495705530333,0.001006041411988253,nan
1666.5165387635145,-0.0012051933098025198,nan
1666.537371995765,-0.0013971942142113197,nan
1666.5582052275495,0.0024050438749230888,nan
1666.5790384588686,0.0019548066726391205,nan
1666.5998716897225,-0.00043111339884128585,nan
1666.6207049201105,-0.00230745268658297,nan
1666.6415381495665,-0.0025288345880137134,nan
1666.662371378558,-0.000609847196163573,nan
1666.683204607084,0.0022359161186387842,nan
1666.704037835144,0.0027856831845745516,nan
1666.7248710622716,0.003973407957260314,nan
1666.7457042889341,0.0031197066155048735,nan
1666.7665375151314,0.0021418637650390095,nan
1666.787370740397,0.0016853226162746274,nan
1666.808203964731,0.003580095782521846,nan
1666.8290371890655,0.0025059460658613053,nan
1666.849870412002,0.004108252731145902,nan
1666.870703634941,0.0021525675506773342,nan
1666.8915368564815,0.0013845840096193577,nan
1666.912370077556,0.0018304215457495038,nan
1666.9332032981645,0.0028820655296717436,nan
1666.9540365178425,0.003414236328528792,nan
1666.974869736124,0.002628271360127457,nan
1666.9957029544046,0.0023438792827422126,nan
1667.016536171288,0.0027861491285945932,nan
1667.037369387241,0.001832098554930737,nan
1667.058202602728,0.0023270731919655795,nan
1667.079035816818,0.0021603930681424344,nan
1667.0998690299766,0.001354586504716782,nan
1667.120702242203,0.0018015426840897312,nan
1667.1415354534995,0.0012117593811374634,nan
1667.162368663398,0.0014607995131865432,nan
1667.1832018723655,0.0018678524362322497,nan
1667.2040350804016,0.001293901801707486,nan
1667.2248682865745,0.0006201093125093524,nan
1667.2457014918182,0.001103443900600634,nan
1667.2665346961294,0.001423440940937955,nan
1667.2873678985775,0.0003983089773672852,nan
1667.308201099629,0.0004761331010863035,nan
1667.3290342988175,0.002098273405666093,nan
1667.3498674970745,0.0005198361718073957,nan
1667.3707006934685,0.0007975074782728912,nan
1667.3915338880006,0.0016149081499413718,nan
1667.4123670806705,0.0015513121832848673,nan
1667.433200271478,0.0014132075015063066,nan
1667.4540334604221,0.002919653299812846,nan
1667.4748666470375,0.002737908917148559,nan
1667.495699831325,0.0007536118497119236,nan
1667.51653301375,0.0049716518846474045,nan
1667.5373661933804,0.003237360722714848,nan
1667.558199370683,0.002174595204121563,nan
1667.579032545192,0.0035514420980340133,nan
1667.5998657169066,0.004365091010939116,nan
1667.620698885827,0.004005724346371758,nan
1667.6415320514884,0.0016785488999790064,nan
1667.6623652138906,0.004012430083728324,nan
1667.6831983730326,0.003876951492812801,nan
1668.6415185638311,-0.00104692928840305,nan
1668.662351529724,0.0006163480206080457,nan
1668.6831844942194,-9.780869626625083e-05,nan
1668.704017457783,-0.00047236353105060275,nan
1668.7248504208815,0.0014402997207251418,nan
1668.745683383048,0.0016272842474862048,nan
1668.76651634475,0.0011492161423370603,nan
1668.7873493055195,0.000964828179570977,nan
1668.8081822662894,0.00029171456311523347,nan
1668.8290152261284,0.0024496547847858777,nan
1668.849848185968,0.0018650314690870536,nan
1668.870681145341,0.0013530508708100714,nan
1668.8915141042485,0.001504102250854289,nan
1668.912347063156,0.0012733246487225819,nan
1668.933180021598,0.002725448439191383,nan
1668.974845938015,0.001571789305684957,nan
1668.9956788959914,0.0014134834675202726,nan
1669.0165118539671,0.002544471930892904,nan
1669.037344811944,0.0020799023480378154,nan
1669.0581777694545,0.0022350705836922183,nan
1669.079010727431,0.0007086058151851704,nan
1669.0998436849404,0.0002681796518934909,nan
1669.141509600428,0.0014983308800938094,nan
1669.1623425579376,0.0016443460807284496,nan
1669.204008472959,-0.002080525144411066,nan
1669.2248414309345,-0.001747695138557409,nan
1669.2456743884459,-0.00015269621290005253,nan
1669.2665073459566,0.0016184161229506888,nan
1669.2873403039325,0.0031719414371973245,nan
1669.308173261443,0.0040852631412531815,nan
1669.3290062194196,0.0036971241237273994,nan
1669.349839176929,0.0034769224321524947,nan
1669.370672134905,0.002189420129875025,nan
1669.391505092881,0.001093634096771011,nan
1669.4123380508577,0.00283970756701267,nan
1669.4331710083675,0.0026823804723073857,nan
1669.4540039663439,0.0024066998623270275,nan
1669.4748369243216,0.0023346670934841704,nan
1669.4956698827625,0.0015570640410797754,nan
1669.5373357987146,0.0026175566245197693,nan
1669.5581687566905,0.002111145018753577,nan
1669.579001714667,0.0017741153326112993,nan
1669.5998346731085,0.002668163836154272,nan
1669.620667631084,0.0033295813519933423,nan
1669.641500589061,0.0017646676377290754,nan
1669.662333547037,0.001689450375062393,nan
1669.6831665054797,0.0013430816330332745,nan
1669.7039994634556,0.001520411420043527,nan
1669.724832421431,0.002028675025861848,nan
1669.7456653798736,0.0022572767060439203,nan
1669.7664983378495,0.0001551817544979961,nan
1669.787331295825,0.0005485557447534248,nan
1669.8081642538004,0.0009572772993921563,nan
1669.828997211777,0.0005579258805739271,nan
1669.8498301697541,-8.042454647604058e-05,nan
1669.8706631277305,-4.258838867532422e-05,nan
1669.8914960857064,-0.0013631210288882895,nan
1669.9123290432165,-0.0009449458292181759,nan
1669.9331620011926,-3.714368688736286e-05,nan
1669.9539949587029,0.00010991979619301429,nan
1669.9748279166795,0.0015587872408035913,nan
1669.9956608741895,0.002269544752130183,nan
1670.0164938317,-0.0005162875216381986,nan
1670.0373267892105,-0.0006697929351475278,nan
1670.058159746256,0.0015450024852231119,nan
1670.0789927037665,-0.0007588616791310739,nan
1670.099825660811,0.0011143056860912146,nan
1670.120658617856,0.0014782599288463046,nan
1670.1414915749006,0.0005521813935968206,nan
1670.162324531945,0.0009832749923868664,nan
1670.1831574885246,0.00165631446795058,nan
1670.203990445103,0.0006753218368469593,nan
1670.2248234016824,0.0014394637186350596,nan
1670.2456563582614,0.0014345693895373574,nan
1670.2664893148408,0.0006905523569458311,nan
1670.2873222709554,0.0017313849582127408,nan
1670.3081552270685,0.0010036961454436104,nan
1670.3289881827159,0.0018002578844070367,nan
1670.3498211388296,0.0008634014606161214,nan
1670.370654094477,0.0014865585404378184,nan
1670.3914870496596,4.486286172445883e-05,nan
1670.4123200053075,-0.001564052799276551,nan
1670.433152960489,0.0009834415084475565,nan
1670.4539859156705,0.0011729325940674391,nan
1670.474818870388,-0.0005350665422213345,nan
1670.495651825105,-0.002810770695569738,nan
1670.5164847798214,-0.0030098752114617704,nan
1670.537317734072,0.00018491049262886472,nan
1670.558150688323,0.002935883610997031,nan
1670.5789836425736,0.002241589514725667,nan
1670.599816596359,0.0022997752377146297,nan
1670.6206495501435,0.003769210867076475,nan
1670.641482503463,0.003136040907060829,nan
1670.662315456783,0.0035173286066079446,nan
1670.683148409637,0.0026258052634382176,nan
1670.703981362957,0.0018315745432854885,nan
1670.7248143153445,0.003324456233323711,nan
1670.745647267733,0.002770609198547061,nan
1670.7664802201216,0.00301661129489586,nan
1670.7873131725096,0.0020612736453125766,nan
1670.8081461244315,0.0023256228552248764,nan
1670.828979075889,0.002055602385846386,nan
1670.8498120273455,0.0017325802936191195,nan
1670.8706449783372,0.0019329766385844382,nan
1670.8914779293286,0.0025319749643663153,nan
1670.9123108803196,0.00122312543876954,nan
1670.9331438308454,0.001975849226592219,nan
1670.9539767813706,0.0011551294585711441,nan
1670.97480973143,0.0021529900014677986,nan
1670.9956426810245,0.001612774017664284,nan
1671.016475630618,0.001562759670263151,nan
1671.037308580213,0.002356183852743502,nan
1671.0581415288755,0.001542578601348564,nan
1671.0789744780045,0.0007217879475851993,nan
1671.0998074266686,0.00028140338467134984,nan
1671.1206403748656,0.0007883201006086277,nan
1671.141473323062,0.0005927209135403975,nan
1671.1623062707936,-0.0005993291550665074,nan
1671.183139218525,0.000596355587108164,nan
1671.2039721657911,-0.0009446584988840115,nan
1671.2248051125914,-0.0002838789914003312,nan
1671.245638059391,-0.0012351174820512505,nan
1671.2664710061915,7.99408702636395e-05,nan
1671.2873039520605,0.0003966020382996857,nan
1671.3081368979306,0.0008463664166467461,nan
1671.3289698437995,0.0002902929878082147,nan
1671.349802789202,0.00012637341003064392,nan
1671.37063573414,0.001847670308084224,nan
1671.3914686790774,0.0024784474024492145,nan
1671.412301623549,-0.00012077445164881961,nan
1671.4331345680205,0.001820898701437132,nan
1671.453967512027,0.0005666349063231726,nan
1671.4748004555681,0.0005787535228862009,nan
1671.495633399109,0.001723933672042561,nan
1671.516466342184,0.0024971499669990405,nan
1671.5372992847936,0.003264997367801,nan
1671.558132227402,0.0018113354825816698,nan
1671.5789651695463,0.0032193971841933643,nan
1671.5997981112241,0.002772637351892905,nan
1671.620631052902,0.003145089917447927,nan
1671.6414639941145,0.001979048717308942,nan
1671.6622969348605,0.002393729996311128,nan
1671.6831298756078,0.0030964538901032575,nan
1671.7039628158896,0.00041231295937557005,nan
1671.72479575617,1.3915867431626289e-05,nan
1671.74562869552,0.00215051117826362,nan
1671.7664616348695,0.00017618368851171975,nan
1671.787294574219,-0.0022509838379272742,nan
1671.808127512637,8.53970620894734e-05,nan
1671.828960451055,0.0010709460732595266,nan
1671.849793389008,0.003671338921015857,nan
1671.8706263269605,0.0031130509613986612,nan
1671.8914592644478,0.002402734164448729,nan
1671.9122922014703,0.002084707129182413,nan
1671.9331251380254,0.0023447814504530817,nan
1671.953958074581,0.0023076809724510254,nan
1671.974791010671,0.0019646146793312613,nan
1671.995623946295,0.003237597781032702,nan
1672.01645688192,0.0032393653556156247,nan
1672.0372898170785,0.0028957956512304685,nan
1672.099788620227,0.001352891729933789,nan
1672.120621553989,0.0010474103717295312,nan
1672.162287420115,-0.0001299512435438445,nan
1672.224786217209,0.0008781430862150157,nan
1672.2456191486426,0.0009651287245467897,nan
1672.266452080075,0.0001404077957375162,nan
1672.2872850105787,-0.000815196516045228,nan
1672.3081179415465,0.00014421219036624827,nan
1672.328950871583,-0.000919513329407963,nan
1672.3497838011535,-0.00023480906115366795,nan
1672.3706167307241,-0.0003443142677805322,nan
1672.3914496598295,-0.0005518589040199758,nan
1672.4122825884685,-0.0006138054896119276,nan
1672.453948444816,-0.0001991204776543437,nan
1672.5164472265444,-0.0014418473444443962,nan
1672.537280153321,-0.0018872054818093384,nan
1672.5581130791666,-8.776380466504405e-05,nan
1672.5789460050114,-0.0023668585214540808,nan
1672.5997789303915,-0.0016995388935279153,nan
1672.6206118557704,-0.0003874265730824736,nan
1672.641444780219,-0.001776711318053098,nan
1672.662277704668,-0.0007614776249994237,nan
1672.6831106281861,-0.0006420384435564912,nan
1672.7039435517036,0.0006197632648847796,nan
1672.724776475221,0.0013302901829633715,nan
1672.7456093978064,0.00020399069981981433,nan
1672.766442320392,0.001016517948495832,nan
1672.7872752420465,0.00034141811819809326,nan
1672.8081081637006,7.338742803044557e-05,nan
1672.82894108489,-0.0002507421443630545,nan
1672.8497740060784,3.7463993466869266e-05,nan
1672.8706069263367,0.0008769384369380594,nan
1672.8914398465945,0.0006992139444581165,nan
1672.9122727659205,-0.0007488893080271966,nan
1672.933105685247,-0.00019390800784106765,nan
1672.9539386041074,0.0013417548169081667,nan
1672.9747715229673,-0.0010896525044375438,nan
1672.9956044408975,-0.00210976744258274,nan
1673.0164373583605,-2.1568011486790273e-05,nan
1673.037270275824,0.0005484767827702228,nan
1673.0581031928225,-0.0012409340489319583,nan
1673.078936109355,-0.003759795772682581,nan
1673.0997690254221,-0.004098959592460063,nan
1673.1206019414885,-0.00026857272702979045,nan
1673.141434856623,-0.0002076538729196692,nan
1673.1622677717585,0.0012656902091478933,nan
1673.183100685962,0.0015178964459650075,nan
1673.203933600166,0.0017802940981727338,nan
1673.2247665139046,0.002594752765009995,nan
1673.245599427177,0.0009178472552474649,nan
1673.2664323404506,0.0015141091772288267,nan
1673.2872652527926,0.0020027292979252886,nan
1673.308098165133,0.0020220183734661577,nan
1673.3289310765426,0.0005225098844089636,nan
1673.3497639879529,0.0009115137363985924,nan
1673.3705968988975,0.0005003105047448192,nan
1673.3914298093755,0.0021451709303746125,nan
1673.412262719854,0.0011187114520565308,nan
1673.4330956294016,0.00021088246432568458,nan
1673.453928538483,-0.0003880935677401838,nan
1673.474761447566,-0.0008256528556693267,nan
1673.4955943561815,0.0005018920104977332,nan
1673.5164272638665,0.00010337357986145435,nan
1673.537260171551,-0.00034081278513188595,nan
1673.5580930787705,-0.0020775847427537252,nan
1673.578925985989,0.0008577002523041007,nan
1673.5997588922764,-0.0004433501797428026,nan
1673.620591798098,-0.000867678573224815,nan
1673.641424703921,-0.0004197132487401504,nan
1673.6622576088125,-0.001153160990930208,nan
1673.683090513703,-0.002046315021353294,nan
1673.7039234181275,0.0012657608975413428,nan
1673.724756322087,-0.000960287464606871,nan
1673.745589225581,-0.0017105592200700424,nan
1673.7664221286086,-0.0016986959362503898,nan
1673.787255031171,-0.000139788530049147,nan
1673.808087933734,-0.0018165771263200115,nan
1673.828920835365,-0.0016462136809649343,nan
1673.849753736997,-6.624101413187436e-05,nan
1673.8705866376965,0.00040638552996628136,nan
1673.891419538396,2.6418096931549867e-05,nan
1673.9122524386305,-0.00024181487897163498,nan
1673.9330853383985,-0.000400583265399386,nan
1673.953918237701,-0.00038606175141475685,nan
1673.9747511365376,0.0003075107741401708,nan
1673.995584034909,-0.0012488725336755185,nan
1674.0164169332816,-0.00022522920730637386,nan
1674.0372498307224,0.0006794160842909236,nan
1674.0580827276965,-7.265414530495048e-05,nan
1674.0789156246715,-0.0005795992634642574,nan
1674.0997485211794,0.00046249151600219474,nan
1674.120581416757,0.0005241177410497243,nan
1674.1414143123345,0.0012484490488111595,nan
1674.162247207446,0.000971588580933434,nan
1674.1830801020924,0.0009726300454288824,nan
1674.2039129962736,0.0011346354126775642,nan
1674.224745889989,0.0007001016821177085,nan
1674.2455787832375,0.0006364511511651617,nan
1674.2664116764865,-0.0008431430252357364,nan
1674.287244568805,-0.0013430209100817186,nan
1674.3080774611226,-0.0013487108737075017,nan
1674.328910352509,0.00013244820588135392,nan
1674.349743243896,0.00033247126317029023,nan
1674.3705761343515,-0.0019236569932496884,nan
1674.391409024807,-0.0032920614675005276,nan
1674.4122419147966,-0.0013752789813429415,nan
1674.43307480432,0.000839099930951433,nan
1674.4539076933784,0.002653128964089337,nan
1674.474740581971,0.001357372425293679,nan
1674.4955734700975,0.001646343897069926,nan
1674.5164063577586,0.0020657651765652553,nan
1674.5372392454196,0.0013515885696714618,nan
1674.5580721321505,0.0016910191991278403,nan
1674.5789050184155,0.0015763349197717158,nan
1674.599737904679,0.002317921231004448,nan
1674.6205707900126,0.002369476187109914,nan
1674.6414036753454,0.0011281276941863287,nan
1674.6622365602125,0.0009561823237333976,nan
1674.6830694441485,0.0009767583366303376,nan
1674.703902328084,0.0023098091683978125,nan
1674.7247352115546,0.002291538649164102,nan
1674.7455680945595,0.0011972811932165657,nan
1674.766400977099,0.00219604260283387,nan
1674.7872338591715,0.0016212226953854839,nan
1674.8080667407794,0.0006265626618650669,nan
1674.8288996219221,0.0009818040248086631,nan
1674.8497325025976,-0.0006247032474088164,nan
1674.870565383274,0.00014408761046253056,nan
1674.8913982630195,0.00017439260940874113,nan
1674.9122311422989,0.00047360481101833135,nan
1674.933064021579,-0.0015494425722836483,nan
1674.9538968999266,0.0008493987418209635,nan
1674.9747297782747,-0.0003887254491269157,nan
1674.9955626556916,-0.001340572604881459,nan
1675.0163955331082,-0.00047555141622955197,nan
1675.037228410059,-0.0008101275574710631,nan
1675.058061286544,-0.00020673247063753182,nan
1675.0788941620976,-0.0012455779968270153,nan
1675.0997270376529,0.00015402624091801018,nan
1675.1205599127416,0.0006823273938076401,nan
1675.141392787364,0.0009769945558750748,nan
1675.162225661522,0.0004330207818665436,nan
1675.1830585356786,-2.5159975380152156e-05,nan
1675.203891408904,-0.0012135364081656815,nan
1675.2247242816634,0.00015290544299589436,nan
1675.245557153958,-0.001408135063037622,nan
1675.266390022528,0.0011862114433968873,nan
1675.2872228938916,-0.0008110267912666741,nan
1675.308055765255,9.676039228979287e-05,nan
1675.3288886356866,0.0008772343813496119,nan
1675.349721506118,0.0006248863074015282,nan
1675.3705543756187,0.0013767407078362594,nan
1675.3913872451185,-9.33291700035688e-05,nan
1675.412220113688,0.0015874524292978738,nan
1675.4538858503615,-0.0003054402701495472,nan
1675.474718717999,0.0001779298031211853,nan
1675.4955515851716,0.0002639353841915179,nan
1675.5163844518775,0.0005495594396090144,nan
1675.537217317653,0.00031759199846956494,nan
1675.5580501834274,0.001304734397735626,nan
1675.578883049203,-0.0032349267737130025,nan
1675.599715914047,-0.002009169954257082,nan
1675.620548778426,0.0012947873696035513,nan
1675.641381642339,0.0007975262083275351,nan
1675.6622145057854,-0.002648402480109842,nan
1675.683047368766,-0.0023905297572067922,nan
1675.703880231748,-0.001603174895037639,nan
1675.7247130937976,0.0005877520408838852,nan
1675.7455459558469,0.0015101297213551857,nan
1675.7663788169655,0.0011390777148168653,nan
1675.787211678084,0.001774649729062413,nan
1675.808044538273,0.0012873594454258632,nan
1675.8288773984596,0.0015524594345242605,nan
1675.8497102577155,0.0020824817275092375,nan
1675.8705431169715,0.000263135292714762,nan
1675.891375975761,0.0015108969449626256,nan
1675.912208834086,0.0006063864253019451,nan
1675.9330416914795,0.0005027298297823732,nan
1675.953874548873,0.0021641177129452464,nan
1675.9747074058014,0.0009980011786100318,nan
1675.9955402622636,0.0004064039911823342,nan
1676.016373118259,0.00037178286269845453,nan
1676.0372059737895,0.001001169814001282,nan
1676.058038828854,-0.00038709745103854363,nan
1676.078871683454,-0.0006497750544813678,nan
1676.099704538053,-3.829865298253868e-05,nan
1676.1205373917214,0.0002602356110023513,nan
1676.1413702449245,-0.00012176745713083064,nan
1676.1622030976605,-0.00018420792864818313,nan
1676.1830359503974,-0.0002762733561539536,nan
1676.2038688022026,-0.0016077798477936488,nan
1676.224701654008,-0.0007265548724154957,nan
1676.245534504882,-0.001766833995941311,nan
1676.2663673557565,-0.002565768302407895,nan
1676.2872002057,-0.0016461581287480348,nan
1676.3080330556425,-0.0013568985515649227,nan
1676.328865904653,-0.0010983695218590604,nan
1676.349698753665,-0.0006516197316467692,nan
1676.3705316022106,1.2499700847900565e-05,nan
1676.39136445029,-0.0015743680459296503,nan
1676.4121972979044,-0.0013574685504580148,nan
1676.433030144588,-0.0020833434456620165,nan
1676.453862991272,-0.001900707714658222,nan
1676.4746958374894,-0.0008208154190580807,nan
1676.4955286832405,5.057586559806867e-05,nan
1676.516361528993,-0.0012457980159041645,nan
1676.537194373813,-0.0009834692274595701,nan
1676.5580272181674,-0.0006359844103293886,nan
1676.5788600620565,-0.00028724013789207213,nan
1676.59969290548,0.00027234042581649343,nan
1676.6205257489046,0.00027396885923687553,nan
1676.6413585913965,0.00011812684078783137,nan
1676.662191433423,0.0010156397828449985,nan
1676.6830242754486,-0.000431899879782943,nan
1676.703857116544,0.001309360352662342,nan
1676.724689957639,-0.0002807445803640774,nan
1676.7455227982691,9.54740201437659e-05,nan
1676.766355637968,0.00030451637979681066,nan
1676.787188477666,0.0004677149616225144,nan
1676.8080213168985,0.0008184798975792752,nan
1676.828854155199,0.00026390443634071673,nan
1676.8496869935004,0.0009431243601815548,nan
1676.8705198313355,-0.0009609015602255015,nan
1676.891352668706,-0.0020544973868780536,nan
1676.9121855056105,0.00208021269931582,nan
1676.9330183420495,-0.0007118417496266988,nan
1676.953851178022,-0.00217730881598208,nan
1676.9746840139946,-0.003596085001973986,nan
1676.9955168490364,-0.0017946161448470265,nan
1677.0163496836121,0.0008561690858445072,nan
1677.037182517722,0.0014702580727993329,nan
1677.058015351833,0.0014815130941097559,nan
1677.0788481850125,0.0022598221891989394,nan
1677.099681018191,0.002559349067355462,nan
1677.1205138504386,0.0010782009125776242,nan
1677.141346682686,0.0014030885909004885,nan
1677.1621795140027,0.0013592484658509815,nan
1677.1830123453185,0.0011593640325419513,nan
1677.2038451761691,0.002520475379019581,nan
1677.224678006554,0.0015822719959270627,nan
1677.245510836474,0.0012468925642308438,nan
1677.266343665928,0.0010446395045123676,nan
1677.2871764949155,-0.0012298415846275397,nan
1677.3080093234375,-6.426053566868303e-06,nan
1677.3288421514944,0.001237711401186229,nan
1677.3496749790854,-0.00034875565363380427,nan
1677.3705078062112,0.0012232689507000686,nan
1677.3913406333365,0.0009752517559188951,nan
1677.41217345953,0.00036625972107145154,nan
1677.4330062852591,-0.0006352834979357382,nan
1677.4538391109875,-0.0003799532488838308,nan
1677.474671935784,-0.0009845069685847207,nan
1677.4955047605804,-0.0004899655486675213,nan
1677.516337584912,-0.0017675928354317812,nan
1677.537170408779,0.00035267267837774466,nan
1677.5580032317134,-0.00040485642453552163,nan
1677.5788360546471,-0.001271592783438637,nan
1677.599668877116,-0.0014958616239539521,nan
1677.6205016991184,-0.001451151213040798,nan
1677.641334520656,-0.0007722600272495467,nan
1677.662167341728,-0.0010446936453645961,nan
1677.6830001628,-0.0009835378657681547,nan
1677.703832982941,-0.0006401721890837361,nan
1677.7246658026156,-0.000534815215826186,nan
1677.74549862229,-0.00013376353656328888,nan
1677.766331441033,-5.8026504699451587e-05,nan
1677.787164259776,-0.0002443617773047798,nan
1677.807997078055,-0.00011324003639272273,nan
1677.8288298954014,0.0009174419393390039,nan
1677.8496627127479,-0.00012483021982207312,nan
1677.870495529629,-0.0017977889394873645,nan
1677.891328346044,-0.0003465921145241243,nan
1677.912161161993,-0.0005124940093683451,nan
1677.9329939774766,-4.5216820332878715e-06,nan
1677.953826792495,0.00012459630783383593,nan
1677.974659607514,0.0007313830536782983,nan
1677.9954924216004,0.0006520677038622975,nan
1678.016325235222,0.0008313730305076084,nan
1678.0371580488425,-5.0461866337666444e-05,nan
1678.057990861998,0.000812601631303608,nan
1678.078823674222,0.0013836495650003996,nan
1678.099656486447,0.0011843317122725242,nan
1678.120489298206,0.0016494550803193148,nan
1678.141322109499,-0.00028227100565809786,nan
1678.1621549203255,-0.00112703513579138,nan
1678.182987730687,-0.0005282896935631925,nan
1678.2038205405825,0.0006823000642021213,nan
1678.224653350478,-0.000534159550359431,nan
1678.2454861594433,-0.0027585561790054863,nan
1678.2663189679424,-0.0045309028605101075,nan
1678.2871517764415,-0.0018122747128256067,nan
1678.3079845844745,0.00034697179625292444,nan
1678.328817391576,0.0014241735854098481,nan
1678.3496501986783,0.0008250326807369458,nan
1678.3704830053146,0.0010042777472959244,nan
1678.3913158114851,0.0009935593827136678,nan
1678.412148617191,0.002506862068517985,nan
1678.4329814228954,0.0015395883634276315,nan
1678.453814227669,0.00047993944451390526,nan
1678.4746470324426,0.00043288973001607417,nan
1678.495479836284,0.00255474168290213,nan
1678.516312640128,0.002665740811951485,nan
1678.537145443039,0.0027102990824167516,nan
1678.5579782459495,0.0017168547468520753,nan
1678.5788110483945,0.0019643683721764123,nan
1678.599643850374,0.00037275518880187236,nan
1678.620476652354,0.0022030966463570285,nan
1678.6413094534014,3.405713425984683e-05,nan
1678.6621422539852,0.0005716104985265327,nan
1678.6829750545685,0.00039036160813845505,nan
1678.7038078542196,0.001420246454331777,nan
1678.7246406538711,-0.0010205876236366249,nan
1678.7454734530554,0.00025745407018900116,nan
1678.7663062517754,0.0005961896093085936,nan
1678.7871390500309,-0.0004646126027590021,nan
1678.8288046456087,-0.00024144922134715016,nan
1678.8496374424656,-0.0020868505236435134,nan
1678.8704702393225,-0.0030337644555386376,nan
1678.891303035249,-0.0021374490462040506,nan
1678.9121358311745,-0.002695629803721431,nan
1678.932968626635,-0.001779081575976782,nan
1678.953801421631,-0.0017022171980983943,nan
1678.9746342161595,-0.0015921981349807518,nan
1678.9954670106886,-0.0023208080754592558,nan
1679.016299804286,-0.0015625142543905929,nan
1679.0371325978836,-0.0024820589976343663,nan
1679.057965390551,-0.001731991069572357,nan
1679.0787981832175,-0.0019561864868398535,nan
1679.099630975418,-0.0009324611822876926,nan
1679.1204637671526,-0.0008915831731404426,nan
1679.141296558888,-0.0005006179390784939,nan
1679.162129349692,-0.0013605795710974321,nan
1679.1829621404954,-4.0666704826341354e-05,nan
1679.203794930368,-0.0011617628619701708,nan
1679.2246277202416,-0.0010891794257150318,nan
1679.2454605096475,-0.0010137687977193142,nan
1679.2662932985886,-0.000625308707946786,nan
1679.2871260870634,-0.0007985314495013909,nan
1679.307958875539,0.0013239548871836863,nan
1679.3287916630838,0.00010858147448349585,nan
1679.3496244506284,0.001196110200296389,nan
1679.370457237707,0.0011130415789516873,nan
1679.3912900243195,0.0015439632538854497,nan
1679.412122810466,0.0013852979306794647,nan
1679.432955596148,-0.00020315008440633005,nan
1679.4537883813641,-0.002560222630879138,nan
1679.4746211665806,-0.0025172299198213087,nan
1679.495453951331,-2.3456939756982126e-05,nan
1679.5162867356155,-4.043332254941023e-06,nan
1679.5371195194334,-0.001635022097028399,nan
1679.5579523027866,-0.002826014870234799,nan
1679.578785085674,-0.002189399279722972,nan
1679.599617868563,0.0008983829743073705,nan
1679.6204506505185,0.0007783031973901296,nan
1679.6412834324751,0.0013342114057677996,nan
1679.6621162139645,0.0013143689418973065,nan
1679.6829489949896,0.0011663418061050868,nan
1679.7037817760156,0.0025257717301513556,nan
1679.7246145561094,0.0018568117234470174,nan
1679.7454473362025,0.0022711226878040537,nan
1679.766280115831,0.002081160775067488,nan
1679.7871128949926,0.0020373164480043254,nan
1679.8079456736891,0.00221494686927411,nan
1679.82877845192,3.102841822129679e-05,nan
1679.8496112301514,0.0019209081067589721,nan
1679.870444007917,0.001099232038440097,nan
1679.8912767847505,0.0018258660592895722,nan
1679.912109561584,-2.3978966398580104e-05,nan
1679.9329423384174,0.0001297837996198717,nan
1679.9537751143212,-0.0009286494702847488,nan
1679.974607890225,-0.0003205689251043198,nan
1679.9954406651955,-0.0006596767415416593,nan
1680.0162734401665,-0.00019950308549307808,nan
1680.0371062146723,0.00024387012829750476,nan
1680.0579389891775,-0.0009253987364898873,nan
1680.0787717627525,-0.0004131750069895322,nan
1680.0996045363274,-0.0010536057141597235,nan
1680.1204373094356,-0.0005704345527486193,nan
1680.141270082079,-0.0010419356141968088,nan
1680.1621028542554,-0.0007991883150894816,nan
1680.182935625967,-0.0017498522520719081,nan
1680.203768397679,-0.001219735860373626,nan
1680.2246011689253,-0.0017459071024389962,nan
1680.2454339392405,-0.0008828854292396437,nan
1680.2662667095544,-0.0007436681777497553,nan
1680.287099479869,-0.001563661856285984,nan
1680.307932249253,-0.0005083105769566366,nan
1680.3287650186371,-0.0016486117339191732,nan
1680.3495977875546,-0.0013888356934925322,nan
1680.3704305560066,0.0003567043011775996,nan
1680.391263323992,-0.001323360767200736,nan
1680.4120960915134,-0.0020669358554892374,nan
1680.432928858569,-0.0005416892479310417,nan
1680.4537616256239,-0.0007574546515643384,nan
1680.4745943922135,-0.0002770472377092402,nan
1680.495427158337,-0.0008321684418231487,nan
1680.516259923995,-0.0005099507377124904,nan
1680.5370926891874,-0.0006892865726062097,nan
1680.55792545438,0.00011947309918306642,nan
1680.578758218642,0.0004356062666966212,nan
1680.5995909829026,-0.00014512030471557774,nan
1680.620423746698,-0.00036062771572785424,nan
1680.6412565100275,0.0005370516264935517,nan
1680.662089272891,0.0008242418320892134,nan
1680.6829220357558,0.000750939981038954,nan
1680.7037547976895,0.0007874914702814054,nan
1680.724587559622,-0.00040389387395514675,nan
1680.745420320623,-7.285219849761243e-05,nan
1680.766253081624,-0.0009808149560742996,nan
1680.787085842161,0.0011883541072544336,nan
1680.8079186022314,-3.3997385775079436e-05,nan
1680.8287513618357,-0.0020396607170515904,nan
1680.8495841214399,-0.0018947098029848588,nan
1680.8704168801135,-0.002127701666763404,nan
1680.89124963832,-0.0013634708313144603,nan
1680.912082396528,3.6151332189487614e-05,nan
1680.9329151538045,-0.0001204737240943915,nan
1680.9537479110809,0.0012589606355967158,nan
1680.9745806674255,0.002278089649552017,nan
1680.99541342377,0.0018739574847528133,nan
1681.01624617965,0.0010907674400620678,nan
1681.037078934598,0.002061527637896552,nan
1681.057911689546,0.001248739293930554,nan
1681.0787444435625,0.0016052459823661866,nan
1681.0995771975786,0.0008183982276824472,nan
1681.120409950664,0.0008988617721649456,nan
1681.1412427037494,0.001510279663173679,nan
1681.162075455904,0.0010096202802644637,nan
1681.1829082075915,0.0003426503402312684,nan
1681.203740958814,0.000675945609562521,nan
1681.224573709571,0.000783980491633661,nan
1681.245406459397,0.001243296977571539,nan
1681.266239209223,0.0018979714775121791,nan
1681.287071958117,0.0006053635135022488,nan
1681.3079047065455,0.0010539699090779224,nan
1681.328737454043,0.0008783215056617447,nan
1681.349570201075,-0.0006601207979350758,nan
1681.370402947641,-0.0012797491786178238,nan
1681.391235693276,-0.00018234680128129815,nan
1681.4120684384445,-0.0015029647722338904,nan
1681.432901182682,0.0007923821154047668,nan
1681.4537339264534,-0.0004530900937478599,nan
1681.4745666692952,-3.0432265297463193e-05,nan
1681.495399411671,0.0005584889592074767,nan
1681.5162321526486,-0.000892574693736499,nan
1681.5370648931605,-0.0011798623687878148,nan
1681.5578976327415,-0.0006808453103544759,nan
1681.578730371391,0.0006229061409437717,nan
1681.599563109111,0.00082249176891608,nan
1681.6203958458975,-7.628545586522636e-05,nan
1681.641228581753,-0.0005514396750653048,nan
1681.662061316212,-0.0016319282542579042,nan
1681.68289404974,9.817851925934817e-06,nan
1681.703726782336,0.0015288712210935525,nan
1681.7245595130694,-0.0009365400738193322,nan
1681.745392242871,0.0005975529894894881,nan
1681.7662249717425,-8.067265727372888e-05,nan
1681.787057698751,0.0005798575237669547,nan
1681.8078904243625,0.0014997040652694887,nan
1681.8287231481104,0.00019383166703582783,nan
1681.849555870462,0.0010798819391664473,nan
1681.870388590951,0.0011650053939036547,nan
1681.8912213100434,0.001489835894543965,nan
1681.9120540268075,0.0013609075770121687,nan
1681.932886741709,0.0022019046277638767,nan
1681.9537194542816,0.0012695623652280111,nan
1681.974552164525,0.0011184091014533656,nan
1681.995384872442,0.001777536893374388,nan
1682.0162175780301,0.0012735854242962273,nan
1682.037050280358,-0.00028485681022178723,nan
1682.0578829803576,-0.0013401144513698901,nan
1682.0787156770975,0.002946552435014317,nan
1682.0995483705785,0.0022645029477847013,nan
1682.1203810608,0.0017714499611624964,nan
1682.141213747296,0.0026834294948894343,nan
1682.1620464300654,0.003060768157749946,nan
1682.2037117834998,0.00435490082939954,nan
1682.2245444536975,0.005207542789042997,nan
1682.2453771192386,0.0038891471800562433,nan
1682.2662097801226,0.005867619268363041,nan
1682.287042435418,0.005805201228449576,nan
1682.3078750855934,0.006725230528535131,nan
1682.3287077306454,0.005641262144753514,nan
1682.349540369178,0.004743757473004489,nan
